reading_id,machine_id,reading_ts,sensor_type,value,unit
SR-000001,M-101,2026-09-01 06:02:00,vibration,2.34,mm/s
SR-000002,M-101,2026-09-01 14:01:00,vibration,2.33,mm/s
SR-000003,M-101,2026-09-01 22:05:00,vibration,2.51,mm/s
SR-000004,M-101,2026-09-01 06:05:00,bearing_temp,49.83,°C
SR-000005,M-101,2026-09-01 14:03:00,bearing_temp,46.0,°C
SR-000006,M-101,2026-09-01 22:00:00,bearing_temp,44.2,°C
SR-000007,M-101,2026-09-01 06:04:00,spindle_speed,8138.03,RPM
SR-000008,M-101,2026-09-01 14:04:00,spindle_speed,8026.15,RPM
SR-000009,M-101,2026-09-01 22:05:00,spindle_speed,8131.33,RPM
SR-000010,M-101,2026-09-01 06:05:00,power_consumption,18.17,kW
SR-000011,M-101,2026-09-01 14:04:00,power_consumption,16.98,kW
SR-000012,M-101,2026-09-01 22:02:00,power_consumption,17.71,kW
SR-000013,M-101,2026-09-01 06:01:00,coolant_pressure,5.51,bar
SR-000014,M-101,2026-09-01 14:05:00,coolant_pressure,5.47,bar
SR-000015,M-101,2026-09-01 22:01:00,coolant_pressure,5.29,bar
SR-000016,M-102,2026-09-01 06:02:00,vibration,2.55,mm/s
SR-000017,M-102,2026-09-01 14:02:00,vibration,2.71,mm/s
SR-000018,M-102,2026-09-01 22:02:00,vibration,2.63,mm/s
SR-000019,M-102,2026-09-01 06:05:00,bearing_temp,40.67,°C
SR-000020,M-102,2026-09-01 14:03:00,bearing_temp,41.7,°C
SR-000021,M-102,2026-09-01 22:03:00,bearing_temp,37.14,°C
SR-000022,M-102,2026-09-01 06:00:00,spindle_speed,7878.62,RPM
SR-000023,M-102,2026-09-01 14:04:00,spindle_speed,7643.79,RPM
SR-000024,M-102,2026-09-01 22:02:00,spindle_speed,7879.19,RPM
SR-000025,M-102,2026-09-01 06:00:00,power_consumption,15.93,kW
SR-000026,M-102,2026-09-01 14:05:00,power_consumption,16.91,kW
SR-000027,M-102,2026-09-01 22:00:00,power_consumption,18.17,kW
SR-000028,M-102,2026-09-01 06:01:00,coolant_pressure,5.75,bar
SR-000029,M-102,2026-09-01 14:03:00,coolant_pressure,5.7,bar
SR-000030,M-102,2026-09-01 22:05:00,coolant_pressure,5.28,bar
SR-000031,M-201,2026-09-01 06:02:00,vibration,3.15,mm/s
SR-000032,M-201,2026-09-01 14:01:00,vibration,2.74,mm/s
SR-000033,M-201,2026-09-01 22:05:00,vibration,2.63,mm/s
SR-000034,M-201,2026-09-01 06:05:00,bearing_temp,44.54,°C
SR-000035,M-201,2026-09-01 14:04:00,bearing_temp,55.12,°C
SR-000036,M-201,2026-09-01 22:05:00,bearing_temp,52.46,°C
SR-000037,M-201,2026-09-01 06:02:00,power_consumption,45.11,kW
SR-000038,M-201,2026-09-01 14:05:00,power_consumption,48.34,kW
SR-000039,M-201,2026-09-01 22:02:00,power_consumption,44.2,kW
SR-000040,M-201,2026-09-01 06:00:00,coolant_pressure,176.74,bar
SR-000041,M-201,2026-09-01 14:02:00,coolant_pressure,180.17,bar
SR-000042,M-201,2026-09-01 22:03:00,coolant_pressure,181.27,bar
SR-000043,M-202,2026-09-01 06:04:00,vibration,2.96,mm/s
SR-000044,M-202,2026-09-01 14:05:00,vibration,3.34,mm/s
SR-000045,M-202,2026-09-01 22:03:00,vibration,2.71,mm/s
SR-000046,M-202,2026-09-01 06:05:00,bearing_temp,55.36,°C
SR-000047,M-202,2026-09-01 14:01:00,bearing_temp,46.97,°C
SR-000048,M-202,2026-09-01 22:05:00,bearing_temp,50.8,°C
SR-000049,M-202,2026-09-01 06:04:00,power_consumption,42.83,kW
SR-000050,M-202,2026-09-01 14:03:00,power_consumption,44.12,kW
SR-000051,M-202,2026-09-01 22:01:00,power_consumption,47.43,kW
SR-000052,M-202,2026-09-01 06:01:00,coolant_pressure,176.98,bar
SR-000053,M-202,2026-09-01 14:00:00,coolant_pressure,177.82,bar
SR-000054,M-202,2026-09-01 22:00:00,coolant_pressure,179.87,bar
SR-000055,M-301,2026-09-01 06:05:00,vibration,2.54,mm/s
SR-000056,M-301,2026-09-01 14:03:00,vibration,2.59,mm/s
SR-000057,M-301,2026-09-01 22:04:00,vibration,2.08,mm/s
SR-000058,M-301,2026-09-01 06:03:00,bearing_temp,43.32,°C
SR-000059,M-301,2026-09-01 14:00:00,bearing_temp,37.15,°C
SR-000060,M-301,2026-09-01 22:05:00,bearing_temp,43.55,°C
SR-000061,M-301,2026-09-01 06:04:00,spindle_speed,7944.64,RPM
SR-000062,M-301,2026-09-01 14:02:00,spindle_speed,7702.48,RPM
SR-000063,M-301,2026-09-01 22:02:00,spindle_speed,8021.26,RPM
SR-000064,M-301,2026-09-01 06:03:00,power_consumption,16.64,kW
SR-000065,M-301,2026-09-01 14:05:00,power_consumption,18.07,kW
SR-000066,M-301,2026-09-01 22:05:00,power_consumption,18.1,kW
SR-000067,M-301,2026-09-01 06:01:00,coolant_pressure,5.47,bar
SR-000068,M-301,2026-09-01 14:04:00,coolant_pressure,5.85,bar
SR-000069,M-301,2026-09-01 22:02:00,coolant_pressure,6.02,bar
SR-000070,M-302,2026-09-01 06:05:00,vibration,1.98,mm/s
SR-000071,M-302,2026-09-01 14:02:00,vibration,2.13,mm/s
SR-000072,M-302,2026-09-01 22:01:00,vibration,2.39,mm/s
SR-000073,M-302,2026-09-01 06:04:00,bearing_temp,39.95,°C
SR-000074,M-302,2026-09-01 14:00:00,bearing_temp,43.72,°C
SR-000075,M-302,2026-09-01 22:00:00,bearing_temp,42.18,°C
SR-000076,M-302,2026-09-01 06:02:00,spindle_speed,7865.1,RPM
SR-000077,M-302,2026-09-01 14:02:00,spindle_speed,8273.14,RPM
SR-000078,M-302,2026-09-01 22:01:00,spindle_speed,7739.35,RPM
SR-000079,M-302,2026-09-01 06:00:00,power_consumption,20.88,kW
SR-000080,M-302,2026-09-01 14:00:00,power_consumption,19.1,kW
SR-000081,M-302,2026-09-01 22:04:00,power_consumption,17.69,kW
SR-000082,M-302,2026-09-01 06:01:00,coolant_pressure,4.95,bar
SR-000083,M-302,2026-09-01 14:04:00,coolant_pressure,5.74,bar
SR-000084,M-302,2026-09-01 22:01:00,coolant_pressure,5.75,bar
SR-000085,M-303,2026-09-01 06:03:00,vibration,2.32,mm/s
SR-000086,M-303,2026-09-01 14:01:00,vibration,3.21,mm/s
SR-000087,M-303,2026-09-01 22:05:00,vibration,3.01,mm/s
SR-000088,M-303,2026-09-01 06:01:00,bearing_temp,42.83,°C
SR-000089,M-303,2026-09-01 14:05:00,bearing_temp,44.3,°C
SR-000090,M-303,2026-09-01 22:05:00,bearing_temp,42.05,°C
SR-000091,M-303,2026-09-01 06:03:00,spindle_speed,7699.79,RPM
SR-000092,M-303,2026-09-01 14:00:00,spindle_speed,8306.23,RPM
SR-000093,M-303,2026-09-01 22:00:00,spindle_speed,8000.96,RPM
SR-000094,M-303,2026-09-01 06:04:00,power_consumption,18.55,kW
SR-000095,M-303,2026-09-01 14:00:00,power_consumption,16.11,kW
SR-000096,M-303,2026-09-01 22:00:00,power_consumption,17.34,kW
SR-000097,M-303,2026-09-01 06:00:00,coolant_pressure,5.47,bar
SR-000098,M-303,2026-09-01 14:00:00,coolant_pressure,5.4,bar
SR-000099,M-303,2026-09-01 22:01:00,coolant_pressure,5.57,bar
SR-000100,M-401,2026-09-01 06:02:00,vibration,0.76,mm/s
SR-000101,M-401,2026-09-01 14:01:00,vibration,0.75,mm/s
SR-000102,M-401,2026-09-01 22:05:00,vibration,0.71,mm/s
SR-000103,M-401,2026-09-01 06:03:00,bearing_temp,37.39,°C
SR-000104,M-401,2026-09-01 14:01:00,bearing_temp,33.97,°C
SR-000105,M-401,2026-09-01 22:01:00,bearing_temp,35.78,°C
SR-000106,M-401,2026-09-01 06:00:00,power_consumption,4.11,kW
SR-000107,M-401,2026-09-01 14:03:00,power_consumption,5.44,kW
SR-000108,M-401,2026-09-01 22:03:00,power_consumption,5.3,kW
SR-000109,M-402,2026-09-01 06:05:00,vibration,0.56,mm/s
SR-000110,M-402,2026-09-01 14:05:00,vibration,0.85,mm/s
SR-000111,M-402,2026-09-01 22:03:00,vibration,0.87,mm/s
SR-000112,M-402,2026-09-01 06:05:00,bearing_temp,34.91,°C
SR-000113,M-402,2026-09-01 14:01:00,bearing_temp,32.88,°C
SR-000114,M-402,2026-09-01 22:01:00,bearing_temp,38.37,°C
SR-000115,M-402,2026-09-01 06:03:00,power_consumption,5.2,kW
SR-000116,M-402,2026-09-01 14:01:00,power_consumption,5.51,kW
SR-000117,M-402,2026-09-01 22:00:00,power_consumption,4.93,kW
SR-000118,M-501,2026-09-01 06:03:00,vibration,2.49,mm/s
SR-000119,M-501,2026-09-01 14:00:00,vibration,2.47,mm/s
SR-000120,M-501,2026-09-01 22:00:00,vibration,1.49,mm/s
SR-000121,M-501,2026-09-01 06:00:00,bearing_temp,41.02,°C
SR-000122,M-501,2026-09-01 14:00:00,bearing_temp,40.2,°C
SR-000123,M-501,2026-09-01 22:01:00,bearing_temp,47.78,°C
SR-000124,M-501,2026-09-01 06:03:00,spindle_speed,3856.88,RPM
SR-000125,M-501,2026-09-01 14:03:00,spindle_speed,3886.04,RPM
SR-000126,M-501,2026-09-01 22:00:00,spindle_speed,4010.31,RPM
SR-000127,M-501,2026-09-01 06:03:00,power_consumption,15.04,kW
SR-000128,M-501,2026-09-01 14:02:00,power_consumption,15.07,kW
SR-000129,M-501,2026-09-01 22:02:00,power_consumption,17.07,kW
SR-000130,M-501,2026-09-01 06:03:00,coolant_pressure,4.79,bar
SR-000131,M-501,2026-09-01 14:04:00,coolant_pressure,4.85,bar
SR-000132,M-501,2026-09-01 22:05:00,coolant_pressure,4.58,bar
SR-000133,M-502,2026-09-01 06:02:00,vibration,2.16,mm/s
SR-000134,M-502,2026-09-01 14:01:00,vibration,2.0,mm/s
SR-000135,M-502,2026-09-01 22:04:00,vibration,2.65,mm/s
SR-000136,M-502,2026-09-01 06:00:00,bearing_temp,42.36,°C
SR-000137,M-502,2026-09-01 14:04:00,bearing_temp,42.99,°C
SR-000138,M-502,2026-09-01 22:03:00,bearing_temp,42.14,°C
SR-000139,M-502,2026-09-01 06:01:00,spindle_speed,3706.46,RPM
SR-000140,M-502,2026-09-01 14:00:00,spindle_speed,3994.74,RPM
SR-000141,M-502,2026-09-01 22:01:00,spindle_speed,4059.45,RPM
SR-000142,M-502,2026-09-01 06:00:00,power_consumption,14.88,kW
SR-000143,M-502,2026-09-01 14:01:00,power_consumption,13.51,kW
SR-000144,M-502,2026-09-01 22:03:00,power_consumption,13.99,kW
SR-000145,M-502,2026-09-01 06:01:00,coolant_pressure,5.38,bar
SR-000146,M-502,2026-09-01 14:04:00,coolant_pressure,5.36,bar
SR-000147,M-502,2026-09-01 22:03:00,coolant_pressure,4.71,bar
SR-000148,M-101,2026-09-02 06:05:00,vibration,2.09,mm/s
SR-000149,M-101,2026-09-02 14:02:00,vibration,1.98,mm/s
SR-000150,M-101,2026-09-02 22:01:00,vibration,2.16,mm/s
SR-000151,M-101,2026-09-02 06:02:00,bearing_temp,43.74,°C
SR-000152,M-101,2026-09-02 14:03:00,bearing_temp,42.72,°C
SR-000153,M-101,2026-09-02 22:03:00,bearing_temp,47.94,°C
SR-000154,M-101,2026-09-02 06:02:00,spindle_speed,8211.05,RPM
SR-000155,M-101,2026-09-02 14:00:00,spindle_speed,8422.76,RPM
SR-000156,M-101,2026-09-02 22:03:00,spindle_speed,7797.87,RPM
SR-000157,M-101,2026-09-02 06:00:00,power_consumption,16.6,kW
SR-000158,M-101,2026-09-02 14:00:00,power_consumption,16.67,kW
SR-000159,M-101,2026-09-02 22:01:00,power_consumption,16.27,kW
SR-000160,M-101,2026-09-02 06:02:00,coolant_pressure,5.42,bar
SR-000161,M-101,2026-09-02 14:02:00,coolant_pressure,5.95,bar
SR-000162,M-101,2026-09-02 22:02:00,coolant_pressure,5.08,bar
SR-000163,M-102,2026-09-02 06:05:00,vibration,2.82,mm/s
SR-000164,M-102,2026-09-02 14:02:00,vibration,3.03,mm/s
SR-000165,M-102,2026-09-02 22:05:00,vibration,1.5,mm/s
SR-000166,M-102,2026-09-02 06:04:00,bearing_temp,39.28,°C
SR-000167,M-102,2026-09-02 14:02:00,bearing_temp,50.52,°C
SR-000168,M-102,2026-09-02 22:05:00,bearing_temp,45.27,°C
SR-000169,M-102,2026-09-02 06:02:00,spindle_speed,8326.46,RPM
SR-000170,M-102,2026-09-02 14:00:00,spindle_speed,8248.61,RPM
SR-000171,M-102,2026-09-02 22:01:00,spindle_speed,8253.44,RPM
SR-000172,M-102,2026-09-02 06:02:00,power_consumption,16.42,kW
SR-000173,M-102,2026-09-02 14:02:00,power_consumption,17.8,kW
SR-000174,M-102,2026-09-02 22:01:00,power_consumption,19.01,kW
SR-000175,M-102,2026-09-02 06:04:00,coolant_pressure,5.28,bar
SR-000176,M-102,2026-09-02 14:03:00,coolant_pressure,4.96,bar
SR-000177,M-102,2026-09-02 22:00:00,coolant_pressure,5.5,bar
SR-000178,M-201,2026-09-02 06:00:00,vibration,4.09,mm/s
SR-000179,M-201,2026-09-02 14:00:00,vibration,2.38,mm/s
SR-000180,M-201,2026-09-02 22:00:00,vibration,2.3,mm/s
SR-000181,M-201,2026-09-02 06:02:00,bearing_temp,48.94,°C
SR-000182,M-201,2026-09-02 14:01:00,bearing_temp,51.83,°C
SR-000183,M-201,2026-09-02 22:03:00,bearing_temp,49.72,°C
SR-000184,M-201,2026-09-02 06:04:00,power_consumption,41.21,kW
SR-000185,M-201,2026-09-02 14:05:00,power_consumption,46.18,kW
SR-000186,M-201,2026-09-02 22:01:00,power_consumption,45.07,kW
SR-000187,M-201,2026-09-02 06:04:00,coolant_pressure,170.9,bar
SR-000188,M-201,2026-09-02 14:04:00,coolant_pressure,177.32,bar
SR-000189,M-201,2026-09-02 22:02:00,coolant_pressure,181.56,bar
SR-000190,M-202,2026-09-02 06:02:00,vibration,3.21,mm/s
SR-000191,M-202,2026-09-02 14:00:00,vibration,3.72,mm/s
SR-000192,M-202,2026-09-02 22:02:00,vibration,2.47,mm/s
SR-000193,M-202,2026-09-02 06:00:00,bearing_temp,50.75,°C
SR-000194,M-202,2026-09-02 14:02:00,bearing_temp,52.94,°C
SR-000195,M-202,2026-09-02 22:03:00,bearing_temp,51.56,°C
SR-000196,M-202,2026-09-02 06:04:00,power_consumption,38.88,kW
SR-000197,M-202,2026-09-02 14:01:00,power_consumption,44.98,kW
SR-000198,M-202,2026-09-02 22:01:00,power_consumption,38.16,kW
SR-000199,M-202,2026-09-02 06:03:00,coolant_pressure,189.02,bar
SR-000200,M-202,2026-09-02 14:00:00,coolant_pressure,178.64,bar
SR-000201,M-202,2026-09-02 22:03:00,coolant_pressure,184.88,bar
SR-000202,M-301,2026-09-02 06:05:00,vibration,3.22,mm/s
SR-000203,M-301,2026-09-02 14:02:00,vibration,2.88,mm/s
SR-000204,M-301,2026-09-02 22:01:00,vibration,1.85,mm/s
SR-000205,M-301,2026-09-02 06:00:00,bearing_temp,45.33,°C
SR-000206,M-301,2026-09-02 14:03:00,bearing_temp,43.6,°C
SR-000207,M-301,2026-09-02 22:03:00,bearing_temp,45.95,°C
SR-000208,M-301,2026-09-02 06:02:00,spindle_speed,8362.84,RPM
SR-000209,M-301,2026-09-02 14:01:00,spindle_speed,7878.92,RPM
SR-000210,M-301,2026-09-02 22:01:00,spindle_speed,8335.04,RPM
SR-000211,M-301,2026-09-02 06:02:00,power_consumption,18.97,kW
SR-000212,M-301,2026-09-02 14:02:00,power_consumption,18.15,kW
SR-000213,M-301,2026-09-02 22:02:00,power_consumption,20.58,kW
SR-000214,M-301,2026-09-02 06:02:00,coolant_pressure,4.91,bar
SR-000215,M-301,2026-09-02 14:04:00,coolant_pressure,5.31,bar
SR-000216,M-301,2026-09-02 22:02:00,coolant_pressure,5.26,bar
SR-000217,M-302,2026-09-02 06:02:00,vibration,2.58,mm/s
SR-000218,M-302,2026-09-02 14:01:00,vibration,2.33,mm/s
SR-000219,M-302,2026-09-02 22:00:00,vibration,1.4,mm/s
SR-000220,M-302,2026-09-02 06:00:00,bearing_temp,40.83,°C
SR-000221,M-302,2026-09-02 14:02:00,bearing_temp,42.73,°C
SR-000222,M-302,2026-09-02 22:03:00,bearing_temp,43.42,°C
SR-000223,M-302,2026-09-02 06:03:00,spindle_speed,7811.98,RPM
SR-000224,M-302,2026-09-02 14:04:00,spindle_speed,7851.85,RPM
SR-000225,M-302,2026-09-02 22:03:00,spindle_speed,8022.16,RPM
SR-000226,M-302,2026-09-02 06:00:00,power_consumption,18.42,kW
SR-000227,M-302,2026-09-02 14:05:00,power_consumption,15.3,kW
SR-000228,M-302,2026-09-02 22:05:00,power_consumption,17.66,kW
SR-000229,M-302,2026-09-02 06:01:00,coolant_pressure,5.96,bar
SR-000230,M-302,2026-09-02 14:02:00,coolant_pressure,5.32,bar
SR-000231,M-302,2026-09-02 22:02:00,coolant_pressure,4.84,bar
SR-000232,M-303,2026-09-02 06:04:00,vibration,2.81,mm/s
SR-000233,M-303,2026-09-02 14:05:00,vibration,2.1,mm/s
SR-000234,M-303,2026-09-02 22:02:00,vibration,3.11,mm/s
SR-000235,M-303,2026-09-02 06:02:00,bearing_temp,40.56,°C
SR-000236,M-303,2026-09-02 14:03:00,bearing_temp,44.8,°C
SR-000237,M-303,2026-09-02 22:01:00,bearing_temp,43.76,°C
SR-000238,M-303,2026-09-02 06:03:00,spindle_speed,7759.56,RPM
SR-000239,M-303,2026-09-02 14:05:00,spindle_speed,7900.52,RPM
SR-000240,M-303,2026-09-02 22:01:00,spindle_speed,7831.96,RPM
SR-000241,M-303,2026-09-02 06:04:00,power_consumption,17.05,kW
SR-000242,M-303,2026-09-02 14:00:00,power_consumption,17.16,kW
SR-000243,M-303,2026-09-02 22:04:00,power_consumption,17.66,kW
SR-000244,M-303,2026-09-02 06:04:00,coolant_pressure,5.69,bar
SR-000245,M-303,2026-09-02 14:03:00,coolant_pressure,5.31,bar
SR-000246,M-303,2026-09-02 22:05:00,coolant_pressure,5.22,bar
SR-000247,M-401,2026-09-02 06:05:00,vibration,0.84,mm/s
SR-000248,M-401,2026-09-02 14:01:00,vibration,0.97,mm/s
SR-000249,M-401,2026-09-02 22:05:00,vibration,0.73,mm/s
SR-000250,M-401,2026-09-02 06:05:00,bearing_temp,33.63,°C
SR-000251,M-401,2026-09-02 14:01:00,bearing_temp,34.35,°C
SR-000252,M-401,2026-09-02 22:05:00,bearing_temp,34.4,°C
SR-000253,M-401,2026-09-02 06:01:00,power_consumption,4.66,kW
SR-000254,M-401,2026-09-02 14:00:00,power_consumption,5.84,kW
SR-000255,M-401,2026-09-02 22:04:00,power_consumption,6.38,kW
SR-000256,M-402,2026-09-02 06:00:00,vibration,0.92,mm/s
SR-000257,M-402,2026-09-02 14:04:00,vibration,0.5,mm/s
SR-000258,M-402,2026-09-02 22:01:00,vibration,0.89,mm/s
SR-000259,M-402,2026-09-02 06:03:00,bearing_temp,34.61,°C
SR-000260,M-402,2026-09-02 14:01:00,bearing_temp,33.07,°C
SR-000261,M-402,2026-09-02 22:00:00,bearing_temp,36.83,°C
SR-000262,M-402,2026-09-02 06:03:00,power_consumption,5.61,kW
SR-000263,M-402,2026-09-02 14:05:00,power_consumption,5.18,kW
SR-000264,M-402,2026-09-02 22:04:00,power_consumption,5.89,kW
SR-000265,M-501,2026-09-02 06:00:00,vibration,1.72,mm/s
SR-000266,M-501,2026-09-02 14:03:00,vibration,2.31,mm/s
SR-000267,M-501,2026-09-02 22:04:00,vibration,2.49,mm/s
SR-000268,M-501,2026-09-02 06:04:00,bearing_temp,45.28,°C
SR-000269,M-501,2026-09-02 14:03:00,bearing_temp,37.44,°C
SR-000270,M-501,2026-09-02 22:04:00,bearing_temp,39.2,°C
SR-000271,M-501,2026-09-02 06:03:00,spindle_speed,4138.27,RPM
SR-000272,M-501,2026-09-02 14:04:00,spindle_speed,3680.51,RPM
SR-000273,M-501,2026-09-02 22:03:00,spindle_speed,3908.4,RPM
SR-000274,M-501,2026-09-02 06:03:00,power_consumption,15.26,kW
SR-000275,M-501,2026-09-02 14:05:00,power_consumption,14.94,kW
SR-000276,M-501,2026-09-02 22:02:00,power_consumption,15.99,kW
SR-000277,M-501,2026-09-02 06:05:00,coolant_pressure,5.03,bar
SR-000278,M-501,2026-09-02 14:01:00,coolant_pressure,4.67,bar
SR-000279,M-501,2026-09-02 22:02:00,coolant_pressure,4.98,bar
SR-000280,M-502,2026-09-02 06:01:00,vibration,2.34,mm/s
SR-000281,M-502,2026-09-02 14:04:00,vibration,2.16,mm/s
SR-000282,M-502,2026-09-02 22:00:00,vibration,2.5,mm/s
SR-000283,M-502,2026-09-02 06:05:00,bearing_temp,44.17,°C
SR-000284,M-502,2026-09-02 14:01:00,bearing_temp,44.39,°C
SR-000285,M-502,2026-09-02 22:03:00,bearing_temp,42.75,°C
SR-000286,M-502,2026-09-02 06:02:00,spindle_speed,3947.38,RPM
SR-000287,M-502,2026-09-02 14:01:00,spindle_speed,3850.02,RPM
SR-000288,M-502,2026-09-02 22:03:00,spindle_speed,3958.86,RPM
SR-000289,M-502,2026-09-02 06:05:00,power_consumption,13.42,kW
SR-000290,M-502,2026-09-02 14:00:00,power_consumption,16.32,kW
SR-000291,M-502,2026-09-02 22:03:00,power_consumption,16.27,kW
SR-000292,M-502,2026-09-02 06:03:00,coolant_pressure,4.67,bar
SR-000293,M-502,2026-09-02 14:03:00,coolant_pressure,5.23,bar
SR-000294,M-502,2026-09-02 22:03:00,coolant_pressure,5.01,bar
SR-000295,M-101,2026-09-03 06:04:00,vibration,1.77,mm/s
SR-000296,M-101,2026-09-03 14:01:00,vibration,2.25,mm/s
SR-000297,M-101,2026-09-03 22:03:00,vibration,2.08,mm/s
SR-000298,M-101,2026-09-03 06:00:00,bearing_temp,45.18,°C
SR-000299,M-101,2026-09-03 14:03:00,bearing_temp,41.58,°C
SR-000300,M-101,2026-09-03 22:05:00,bearing_temp,47.87,°C
SR-000301,M-101,2026-09-03 06:01:00,spindle_speed,8114.22,RPM
SR-000302,M-101,2026-09-03 14:04:00,spindle_speed,8193.26,RPM
SR-000303,M-101,2026-09-03 22:04:00,spindle_speed,7574.15,RPM
SR-000304,M-101,2026-09-03 06:04:00,power_consumption,17.3,kW
SR-000305,M-101,2026-09-03 14:03:00,power_consumption,17.67,kW
SR-000306,M-101,2026-09-03 22:01:00,power_consumption,17.46,kW
SR-000307,M-101,2026-09-03 06:02:00,coolant_pressure,5.63,bar
SR-000308,M-101,2026-09-03 14:03:00,coolant_pressure,5.36,bar
SR-000309,M-101,2026-09-03 22:02:00,coolant_pressure,5.35,bar
SR-000310,M-102,2026-09-03 06:03:00,vibration,2.79,mm/s
SR-000311,M-102,2026-09-03 14:03:00,vibration,2.23,mm/s
SR-000312,M-102,2026-09-03 22:02:00,vibration,3.37,mm/s
SR-000313,M-102,2026-09-03 06:05:00,bearing_temp,46.72,°C
SR-000314,M-102,2026-09-03 14:04:00,bearing_temp,42.09,°C
SR-000315,M-102,2026-09-03 22:01:00,bearing_temp,52.0,°C
SR-000316,M-102,2026-09-03 06:05:00,spindle_speed,8158.39,RPM
SR-000317,M-102,2026-09-03 14:00:00,spindle_speed,8456.29,RPM
SR-000318,M-102,2026-09-03 22:00:00,spindle_speed,8209.9,RPM
SR-000319,M-102,2026-09-03 06:00:00,power_consumption,18.95,kW
SR-000320,M-102,2026-09-03 14:04:00,power_consumption,17.69,kW
SR-000321,M-102,2026-09-03 22:05:00,power_consumption,18.45,kW
SR-000322,M-102,2026-09-03 06:00:00,coolant_pressure,5.63,bar
SR-000323,M-102,2026-09-03 14:05:00,coolant_pressure,5.31,bar
SR-000324,M-102,2026-09-03 22:02:00,coolant_pressure,5.42,bar
SR-000325,M-201,2026-09-03 06:04:00,vibration,3.03,mm/s
SR-000326,M-201,2026-09-03 14:05:00,vibration,2.7,mm/s
SR-000327,M-201,2026-09-03 22:01:00,vibration,2.83,mm/s
SR-000328,M-201,2026-09-03 06:02:00,bearing_temp,43.2,°C
SR-000329,M-201,2026-09-03 14:02:00,bearing_temp,50.71,°C
SR-000330,M-201,2026-09-03 22:04:00,bearing_temp,50.57,°C
SR-000331,M-201,2026-09-03 06:03:00,power_consumption,41.67,kW
SR-000332,M-201,2026-09-03 14:05:00,power_consumption,38.22,kW
SR-000333,M-201,2026-09-03 22:05:00,power_consumption,46.28,kW
SR-000334,M-201,2026-09-03 06:01:00,coolant_pressure,186.35,bar
SR-000335,M-201,2026-09-03 14:05:00,coolant_pressure,186.9,bar
SR-000336,M-201,2026-09-03 22:04:00,coolant_pressure,185.14,bar
SR-000337,M-202,2026-09-03 06:04:00,vibration,3.3,mm/s
SR-000338,M-202,2026-09-03 14:00:00,vibration,2.16,mm/s
SR-000339,M-202,2026-09-03 22:02:00,vibration,2.7,mm/s
SR-000340,M-202,2026-09-03 06:00:00,bearing_temp,53.47,°C
SR-000341,M-202,2026-09-03 14:03:00,bearing_temp,46.35,°C
SR-000342,M-202,2026-09-03 22:03:00,bearing_temp,49.86,°C
SR-000343,M-202,2026-09-03 06:05:00,power_consumption,51.02,kW
SR-000344,M-202,2026-09-03 14:03:00,power_consumption,49.7,kW
SR-000345,M-202,2026-09-03 22:05:00,power_consumption,44.15,kW
SR-000346,M-202,2026-09-03 06:04:00,coolant_pressure,174.84,bar
SR-000347,M-202,2026-09-03 14:04:00,coolant_pressure,183.87,bar
SR-000348,M-202,2026-09-03 22:03:00,coolant_pressure,179.15,bar
SR-000349,M-301,2026-09-03 06:04:00,vibration,1.67,mm/s
SR-000350,M-301,2026-09-03 14:02:00,vibration,2.56,mm/s
SR-000351,M-301,2026-09-03 22:00:00,vibration,2.27,mm/s
SR-000352,M-301,2026-09-03 06:02:00,bearing_temp,47.02,°C
SR-000353,M-301,2026-09-03 14:03:00,bearing_temp,46.65,°C
SR-000354,M-301,2026-09-03 22:04:00,bearing_temp,43.48,°C
SR-000355,M-301,2026-09-03 06:00:00,spindle_speed,7849.84,RPM
SR-000356,M-301,2026-09-03 14:03:00,spindle_speed,7875.25,RPM
SR-000357,M-301,2026-09-03 22:01:00,spindle_speed,8075.09,RPM
SR-000358,M-301,2026-09-03 06:02:00,power_consumption,17.23,kW
SR-000359,M-301,2026-09-03 14:04:00,power_consumption,18.41,kW
SR-000360,M-301,2026-09-03 22:05:00,power_consumption,16.69,kW
SR-000361,M-301,2026-09-03 06:04:00,coolant_pressure,5.78,bar
SR-000362,M-301,2026-09-03 14:01:00,coolant_pressure,5.24,bar
SR-000363,M-301,2026-09-03 22:03:00,coolant_pressure,5.91,bar
SR-000364,M-302,2026-09-03 06:04:00,vibration,2.73,mm/s
SR-000365,M-302,2026-09-03 14:05:00,vibration,2.43,mm/s
SR-000366,M-302,2026-09-03 22:05:00,vibration,1.79,mm/s
SR-000367,M-302,2026-09-03 06:00:00,bearing_temp,39.68,°C
SR-000368,M-302,2026-09-03 14:02:00,bearing_temp,45.31,°C
SR-000369,M-302,2026-09-03 22:02:00,bearing_temp,45.82,°C
SR-000370,M-302,2026-09-03 06:05:00,spindle_speed,8301.98,RPM
SR-000371,M-302,2026-09-03 14:04:00,spindle_speed,7802.63,RPM
SR-000372,M-302,2026-09-03 22:02:00,spindle_speed,7888.97,RPM
SR-000373,M-302,2026-09-03 06:02:00,power_consumption,15.78,kW
SR-000374,M-302,2026-09-03 14:02:00,power_consumption,19.12,kW
SR-000375,M-302,2026-09-03 22:02:00,power_consumption,17.65,kW
SR-000376,M-302,2026-09-03 06:01:00,coolant_pressure,5.27,bar
SR-000377,M-302,2026-09-03 14:00:00,coolant_pressure,5.64,bar
SR-000378,M-302,2026-09-03 22:05:00,coolant_pressure,5.63,bar
SR-000379,M-303,2026-09-03 06:01:00,vibration,1.74,mm/s
SR-000380,M-303,2026-09-03 14:01:00,vibration,2.25,mm/s
SR-000381,M-303,2026-09-03 22:05:00,vibration,2.5,mm/s
SR-000382,M-303,2026-09-03 06:04:00,bearing_temp,48.38,°C
SR-000383,M-303,2026-09-03 14:02:00,bearing_temp,48.62,°C
SR-000384,M-303,2026-09-03 22:00:00,bearing_temp,44.46,°C
SR-000385,M-303,2026-09-03 06:02:00,spindle_speed,8083.18,RPM
SR-000386,M-303,2026-09-03 14:01:00,spindle_speed,7854.44,RPM
SR-000387,M-303,2026-09-03 22:01:00,spindle_speed,7898.78,RPM
SR-000388,M-303,2026-09-03 06:02:00,power_consumption,20.23,kW
SR-000389,M-303,2026-09-03 14:02:00,power_consumption,18.48,kW
SR-000390,M-303,2026-09-03 22:05:00,power_consumption,18.14,kW
SR-000391,M-303,2026-09-03 06:03:00,coolant_pressure,5.9,bar
SR-000392,M-303,2026-09-03 14:00:00,coolant_pressure,5.35,bar
SR-000393,M-303,2026-09-03 22:03:00,coolant_pressure,5.77,bar
SR-000394,M-401,2026-09-03 06:03:00,vibration,0.66,mm/s
SR-000395,M-401,2026-09-03 14:00:00,vibration,0.71,mm/s
SR-000396,M-401,2026-09-03 22:02:00,vibration,0.83,mm/s
SR-000397,M-401,2026-09-03 06:00:00,bearing_temp,37.13,°C
SR-000398,M-401,2026-09-03 14:03:00,bearing_temp,34.18,°C
SR-000399,M-401,2026-09-03 22:05:00,bearing_temp,32.38,°C
SR-000400,M-401,2026-09-03 06:00:00,power_consumption,5.03,kW
SR-000401,M-401,2026-09-03 14:02:00,power_consumption,5.53,kW
SR-000402,M-401,2026-09-03 22:00:00,power_consumption,5.74,kW
SR-000403,M-402,2026-09-03 06:03:00,vibration,0.88,mm/s
SR-000404,M-402,2026-09-03 14:04:00,vibration,0.8,mm/s
SR-000405,M-402,2026-09-03 22:04:00,vibration,0.63,mm/s
SR-000406,M-402,2026-09-03 06:03:00,bearing_temp,33.42,°C
SR-000407,M-402,2026-09-03 14:04:00,bearing_temp,32.94,°C
SR-000408,M-402,2026-09-03 22:03:00,bearing_temp,35.66,°C
SR-000409,M-402,2026-09-03 06:04:00,power_consumption,4.76,kW
SR-000410,M-402,2026-09-03 14:05:00,power_consumption,5.65,kW
SR-000411,M-402,2026-09-03 22:05:00,power_consumption,5.69,kW
SR-000412,M-501,2026-09-03 06:01:00,vibration,2.58,mm/s
SR-000413,M-501,2026-09-03 14:01:00,vibration,2.19,mm/s
SR-000414,M-501,2026-09-03 22:01:00,vibration,2.36,mm/s
SR-000415,M-501,2026-09-03 06:03:00,bearing_temp,41.48,°C
SR-000416,M-501,2026-09-03 14:03:00,bearing_temp,42.49,°C
SR-000417,M-501,2026-09-03 22:00:00,bearing_temp,41.85,°C
SR-000418,M-501,2026-09-03 06:01:00,spindle_speed,3827.42,RPM
SR-000419,M-501,2026-09-03 14:03:00,spindle_speed,3968.1,RPM
SR-000420,M-501,2026-09-03 22:00:00,spindle_speed,4130.67,RPM
SR-000421,M-501,2026-09-03 06:05:00,power_consumption,13.85,kW
SR-000422,M-501,2026-09-03 14:04:00,power_consumption,12.23,kW
SR-000423,M-501,2026-09-03 22:03:00,power_consumption,13.37,kW
SR-000424,M-501,2026-09-03 06:00:00,coolant_pressure,4.46,bar
SR-000425,M-501,2026-09-03 14:02:00,coolant_pressure,4.62,bar
SR-000426,M-501,2026-09-03 22:01:00,coolant_pressure,4.89,bar
SR-000427,M-502,2026-09-03 06:02:00,vibration,2.39,mm/s
SR-000428,M-502,2026-09-03 14:04:00,vibration,2.29,mm/s
SR-000429,M-502,2026-09-03 22:02:00,vibration,2.2,mm/s
SR-000430,M-502,2026-09-03 06:03:00,bearing_temp,39.76,°C
SR-000431,M-502,2026-09-03 14:05:00,bearing_temp,45.71,°C
SR-000432,M-502,2026-09-03 22:03:00,bearing_temp,45.69,°C
SR-000433,M-502,2026-09-03 06:03:00,spindle_speed,4165.39,RPM
SR-000434,M-502,2026-09-03 14:03:00,spindle_speed,3937.71,RPM
SR-000435,M-502,2026-09-03 22:03:00,spindle_speed,4037.43,RPM
SR-000436,M-502,2026-09-03 06:05:00,power_consumption,15.17,kW
SR-000437,M-502,2026-09-03 14:00:00,power_consumption,14.6,kW
SR-000438,M-502,2026-09-03 22:01:00,power_consumption,15.82,kW
SR-000439,M-502,2026-09-03 06:04:00,coolant_pressure,5.46,bar
SR-000440,M-502,2026-09-03 14:04:00,coolant_pressure,4.89,bar
SR-000441,M-502,2026-09-03 22:05:00,coolant_pressure,5.94,bar
SR-000442,M-101,2026-09-04 06:02:00,vibration,1.92,mm/s
SR-000443,M-101,2026-09-04 14:01:00,vibration,1.8,mm/s
SR-000444,M-101,2026-09-04 22:03:00,vibration,2.09,mm/s
SR-000445,M-101,2026-09-04 06:02:00,bearing_temp,41.78,°C
SR-000446,M-101,2026-09-04 14:01:00,bearing_temp,44.61,°C
SR-000447,M-101,2026-09-04 22:03:00,bearing_temp,48.21,°C
SR-000448,M-101,2026-09-04 06:00:00,spindle_speed,7995.89,RPM
SR-000449,M-101,2026-09-04 14:02:00,spindle_speed,7798.72,RPM
SR-000450,M-101,2026-09-04 22:05:00,spindle_speed,8038.38,RPM
SR-000451,M-101,2026-09-04 06:03:00,power_consumption,18.7,kW
SR-000452,M-101,2026-09-04 14:05:00,power_consumption,18.54,kW
SR-000453,M-101,2026-09-04 22:03:00,power_consumption,15.79,kW
SR-000454,M-101,2026-09-04 06:04:00,coolant_pressure,5.51,bar
SR-000455,M-101,2026-09-04 14:02:00,coolant_pressure,5.63,bar
SR-000456,M-101,2026-09-04 22:02:00,coolant_pressure,5.53,bar
SR-000457,M-102,2026-09-04 06:04:00,vibration,2.91,mm/s
SR-000458,M-102,2026-09-04 14:00:00,vibration,2.86,mm/s
SR-000459,M-102,2026-09-04 22:03:00,vibration,2.13,mm/s
SR-000460,M-102,2026-09-04 06:00:00,bearing_temp,41.86,°C
SR-000461,M-102,2026-09-04 14:03:00,bearing_temp,46.09,°C
SR-000462,M-102,2026-09-04 22:05:00,bearing_temp,47.63,°C
SR-000463,M-102,2026-09-04 06:02:00,spindle_speed,7939.16,RPM
SR-000464,M-102,2026-09-04 14:04:00,spindle_speed,8023.19,RPM
SR-000465,M-102,2026-09-04 22:05:00,spindle_speed,8112.08,RPM
SR-000466,M-102,2026-09-04 06:03:00,power_consumption,18.91,kW
SR-000467,M-102,2026-09-04 14:04:00,power_consumption,20.92,kW
SR-000468,M-102,2026-09-04 22:01:00,power_consumption,20.79,kW
SR-000469,M-102,2026-09-04 06:00:00,coolant_pressure,5.44,bar
SR-000470,M-102,2026-09-04 14:04:00,coolant_pressure,5.25,bar
SR-000471,M-102,2026-09-04 22:00:00,coolant_pressure,5.32,bar
SR-000472,M-201,2026-09-04 06:03:00,vibration,3.19,mm/s
SR-000473,M-201,2026-09-04 14:01:00,vibration,3.68,mm/s
SR-000474,M-201,2026-09-04 22:03:00,vibration,2.76,mm/s
SR-000475,M-201,2026-09-04 06:05:00,bearing_temp,53.03,°C
SR-000476,M-201,2026-09-04 14:02:00,bearing_temp,48.64,°C
SR-000477,M-201,2026-09-04 22:03:00,bearing_temp,46.04,°C
SR-000478,M-201,2026-09-04 06:01:00,power_consumption,46.74,kW
SR-000479,M-201,2026-09-04 14:01:00,power_consumption,43.38,kW
SR-000480,M-201,2026-09-04 22:04:00,power_consumption,45.45,kW
SR-000481,M-201,2026-09-04 06:00:00,coolant_pressure,169.73,bar
SR-000482,M-201,2026-09-04 14:02:00,coolant_pressure,179.47,bar
SR-000483,M-201,2026-09-04 22:02:00,coolant_pressure,181.39,bar
SR-000484,M-202,2026-09-04 06:04:00,vibration,2.03,mm/s
SR-000485,M-202,2026-09-04 14:05:00,vibration,3.0,mm/s
SR-000486,M-202,2026-09-04 22:02:00,vibration,3.04,mm/s
SR-000487,M-202,2026-09-04 06:05:00,bearing_temp,52.75,°C
SR-000488,M-202,2026-09-04 14:03:00,bearing_temp,45.51,°C
SR-000489,M-202,2026-09-04 22:03:00,bearing_temp,52.88,°C
SR-000490,M-202,2026-09-04 06:02:00,power_consumption,42.56,kW
SR-000491,M-202,2026-09-04 14:03:00,power_consumption,42.48,kW
SR-000492,M-202,2026-09-04 22:03:00,power_consumption,49.42,kW
SR-000493,M-202,2026-09-04 06:05:00,coolant_pressure,189.21,bar
SR-000494,M-202,2026-09-04 14:01:00,coolant_pressure,175.87,bar
SR-000495,M-202,2026-09-04 22:03:00,coolant_pressure,176.72,bar
SR-000496,M-301,2026-09-04 06:00:00,vibration,2.27,mm/s
SR-000497,M-301,2026-09-04 14:03:00,vibration,2.21,mm/s
SR-000498,M-301,2026-09-04 22:03:00,vibration,2.81,mm/s
SR-000499,M-301,2026-09-04 06:05:00,bearing_temp,50.31,°C
SR-000500,M-301,2026-09-04 14:01:00,bearing_temp,44.61,°C
SR-000501,M-301,2026-09-04 22:04:00,bearing_temp,44.18,°C
SR-000502,M-301,2026-09-04 06:04:00,spindle_speed,8001.61,RPM
SR-000503,M-301,2026-09-04 14:03:00,spindle_speed,7954.68,RPM
SR-000504,M-301,2026-09-04 22:00:00,spindle_speed,8080.05,RPM
SR-000505,M-301,2026-09-04 06:05:00,power_consumption,16.36,kW
SR-000506,M-301,2026-09-04 14:01:00,power_consumption,17.73,kW
SR-000507,M-301,2026-09-04 22:01:00,power_consumption,16.15,kW
SR-000508,M-301,2026-09-04 06:00:00,coolant_pressure,5.73,bar
SR-000509,M-301,2026-09-04 14:02:00,coolant_pressure,4.72,bar
SR-000510,M-301,2026-09-04 22:04:00,coolant_pressure,5.65,bar
SR-000511,M-302,2026-09-04 06:02:00,vibration,2.2,mm/s
SR-000512,M-302,2026-09-04 14:05:00,vibration,1.86,mm/s
SR-000513,M-302,2026-09-04 22:02:00,vibration,2.65,mm/s
SR-000514,M-302,2026-09-04 06:05:00,bearing_temp,42.73,°C
SR-000515,M-302,2026-09-04 14:04:00,bearing_temp,44.01,°C
SR-000516,M-302,2026-09-04 22:00:00,bearing_temp,40.03,°C
SR-000517,M-302,2026-09-04 06:05:00,spindle_speed,7891.76,RPM
SR-000518,M-302,2026-09-04 14:02:00,spindle_speed,7901.56,RPM
SR-000519,M-302,2026-09-04 22:03:00,spindle_speed,8331.43,RPM
SR-000520,M-302,2026-09-04 06:00:00,power_consumption,17.96,kW
SR-000521,M-302,2026-09-04 14:00:00,power_consumption,18.15,kW
SR-000522,M-302,2026-09-04 22:03:00,power_consumption,15.66,kW
SR-000523,M-302,2026-09-04 06:00:00,coolant_pressure,5.63,bar
SR-000524,M-302,2026-09-04 14:00:00,coolant_pressure,5.72,bar
SR-000525,M-302,2026-09-04 22:02:00,coolant_pressure,5.45,bar
SR-000526,M-303,2026-09-04 06:02:00,vibration,2.52,mm/s
SR-000527,M-303,2026-09-04 14:03:00,vibration,2.13,mm/s
SR-000528,M-303,2026-09-04 22:04:00,vibration,2.53,mm/s
SR-000529,M-303,2026-09-04 06:01:00,bearing_temp,44.21,°C
SR-000530,M-303,2026-09-04 14:00:00,bearing_temp,43.28,°C
SR-000531,M-303,2026-09-04 22:05:00,bearing_temp,42.72,°C
SR-000532,M-303,2026-09-04 06:01:00,spindle_speed,7875.3,RPM
SR-000533,M-303,2026-09-04 14:01:00,spindle_speed,7735.45,RPM
SR-000534,M-303,2026-09-04 22:03:00,spindle_speed,8003.88,RPM
SR-000535,M-303,2026-09-04 06:05:00,power_consumption,16.92,kW
SR-000536,M-303,2026-09-04 14:00:00,power_consumption,16.73,kW
SR-000537,M-303,2026-09-04 22:02:00,power_consumption,19.35,kW
SR-000538,M-303,2026-09-04 06:05:00,coolant_pressure,5.3,bar
SR-000539,M-303,2026-09-04 14:02:00,coolant_pressure,5.39,bar
SR-000540,M-303,2026-09-04 22:04:00,coolant_pressure,5.47,bar
SR-000541,M-401,2026-09-04 06:05:00,vibration,0.68,mm/s
SR-000542,M-401,2026-09-04 14:02:00,vibration,1.17,mm/s
SR-000543,M-401,2026-09-04 22:03:00,vibration,0.68,mm/s
SR-000544,M-401,2026-09-04 06:03:00,bearing_temp,35.45,°C
SR-000545,M-401,2026-09-04 14:02:00,bearing_temp,36.54,°C
SR-000546,M-401,2026-09-04 22:04:00,bearing_temp,36.22,°C
SR-000547,M-401,2026-09-04 06:00:00,power_consumption,4.78,kW
SR-000548,M-401,2026-09-04 14:05:00,power_consumption,5.74,kW
SR-000549,M-401,2026-09-04 22:05:00,power_consumption,4.95,kW
SR-000550,M-402,2026-09-04 06:05:00,vibration,0.81,mm/s
SR-000551,M-402,2026-09-04 14:05:00,vibration,1.13,mm/s
SR-000552,M-402,2026-09-04 22:03:00,vibration,0.75,mm/s
SR-000553,M-402,2026-09-04 06:01:00,bearing_temp,37.15,°C
SR-000554,M-402,2026-09-04 14:04:00,bearing_temp,31.25,°C
SR-000555,M-402,2026-09-04 22:01:00,bearing_temp,35.45,°C
SR-000556,M-402,2026-09-04 06:04:00,power_consumption,4.67,kW
SR-000557,M-402,2026-09-04 14:05:00,power_consumption,5.0,kW
SR-000558,M-402,2026-09-04 22:05:00,power_consumption,5.84,kW
SR-000559,M-501,2026-09-04 06:05:00,vibration,2.49,mm/s
SR-000560,M-501,2026-09-04 14:05:00,vibration,1.74,mm/s
SR-000561,M-501,2026-09-04 22:00:00,vibration,2.86,mm/s
SR-000562,M-501,2026-09-04 06:04:00,bearing_temp,44.19,°C
SR-000563,M-501,2026-09-04 14:02:00,bearing_temp,42.04,°C
SR-000564,M-501,2026-09-04 22:02:00,bearing_temp,44.1,°C
SR-000565,M-501,2026-09-04 06:01:00,spindle_speed,3998.38,RPM
SR-000566,M-501,2026-09-04 14:04:00,spindle_speed,3897.46,RPM
SR-000567,M-501,2026-09-04 22:04:00,spindle_speed,4112.37,RPM
SR-000568,M-501,2026-09-04 06:02:00,power_consumption,14.12,kW
SR-000569,M-501,2026-09-04 14:03:00,power_consumption,15.49,kW
SR-000570,M-501,2026-09-04 22:02:00,power_consumption,14.11,kW
SR-000571,M-501,2026-09-04 06:00:00,coolant_pressure,4.99,bar
SR-000572,M-501,2026-09-04 14:03:00,coolant_pressure,4.75,bar
SR-000573,M-501,2026-09-04 22:01:00,coolant_pressure,5.15,bar
SR-000574,M-502,2026-09-04 06:05:00,vibration,2.16,mm/s
SR-000575,M-502,2026-09-04 14:04:00,vibration,2.04,mm/s
SR-000576,M-502,2026-09-04 22:02:00,vibration,1.23,mm/s
SR-000577,M-502,2026-09-04 06:02:00,bearing_temp,45.11,°C
SR-000578,M-502,2026-09-04 14:04:00,bearing_temp,44.35,°C
SR-000579,M-502,2026-09-04 22:05:00,bearing_temp,44.71,°C
SR-000580,M-502,2026-09-04 06:05:00,spindle_speed,4100.81,RPM
SR-000581,M-502,2026-09-04 14:05:00,spindle_speed,3988.78,RPM
SR-000582,M-502,2026-09-04 22:02:00,spindle_speed,4146.49,RPM
SR-000583,M-502,2026-09-04 06:00:00,power_consumption,15.68,kW
SR-000584,M-502,2026-09-04 14:04:00,power_consumption,15.55,kW
SR-000585,M-502,2026-09-04 22:04:00,power_consumption,16.15,kW
SR-000586,M-502,2026-09-04 06:01:00,coolant_pressure,4.79,bar
SR-000587,M-502,2026-09-04 14:03:00,coolant_pressure,4.79,bar
SR-000588,M-502,2026-09-04 22:05:00,coolant_pressure,4.72,bar
SR-000589,M-101,2026-09-05 06:01:00,vibration,2.27,mm/s
SR-000590,M-101,2026-09-05 14:00:00,vibration,2.79,mm/s
SR-000591,M-101,2026-09-05 22:03:00,vibration,2.72,mm/s
SR-000592,M-101,2026-09-05 06:00:00,bearing_temp,44.15,°C
SR-000593,M-101,2026-09-05 14:01:00,bearing_temp,50.14,°C
SR-000594,M-101,2026-09-05 22:03:00,bearing_temp,48.59,°C
SR-000595,M-101,2026-09-05 06:05:00,spindle_speed,7714.54,RPM
SR-000596,M-101,2026-09-05 14:05:00,spindle_speed,8085.58,RPM
SR-000597,M-101,2026-09-05 22:05:00,spindle_speed,8196.57,RPM
SR-000598,M-101,2026-09-05 06:05:00,power_consumption,17.48,kW
SR-000599,M-101,2026-09-05 14:00:00,power_consumption,18.88,kW
SR-000600,M-101,2026-09-05 22:03:00,power_consumption,19.28,kW
SR-000601,M-101,2026-09-05 06:02:00,coolant_pressure,4.97,bar
SR-000602,M-101,2026-09-05 14:00:00,coolant_pressure,5.03,bar
SR-000603,M-101,2026-09-05 22:03:00,coolant_pressure,5.42,bar
SR-000604,M-102,2026-09-05 06:01:00,vibration,2.14,mm/s
SR-000605,M-102,2026-09-05 14:05:00,vibration,2.51,mm/s
SR-000606,M-102,2026-09-05 22:02:00,vibration,2.26,mm/s
SR-000607,M-102,2026-09-05 06:02:00,bearing_temp,37.04,°C
SR-000608,M-102,2026-09-05 14:00:00,bearing_temp,42.72,°C
SR-000609,M-102,2026-09-05 22:00:00,bearing_temp,43.44,°C
SR-000610,M-102,2026-09-05 06:03:00,spindle_speed,8077.5,RPM
SR-000611,M-102,2026-09-05 14:05:00,spindle_speed,8115.82,RPM
SR-000612,M-102,2026-09-05 22:04:00,spindle_speed,8075.22,RPM
SR-000613,M-102,2026-09-05 06:02:00,power_consumption,18.48,kW
SR-000614,M-102,2026-09-05 14:01:00,power_consumption,17.91,kW
SR-000615,M-102,2026-09-05 22:01:00,power_consumption,20.63,kW
SR-000616,M-102,2026-09-05 06:00:00,coolant_pressure,5.46,bar
SR-000617,M-102,2026-09-05 14:04:00,coolant_pressure,5.68,bar
SR-000618,M-102,2026-09-05 22:01:00,coolant_pressure,5.17,bar
SR-000619,M-201,2026-09-05 06:01:00,vibration,3.14,mm/s
SR-000620,M-201,2026-09-05 14:04:00,vibration,2.66,mm/s
SR-000621,M-201,2026-09-05 22:01:00,vibration,3.99,mm/s
SR-000622,M-201,2026-09-05 06:01:00,bearing_temp,50.14,°C
SR-000623,M-201,2026-09-05 14:00:00,bearing_temp,43.07,°C
SR-000624,M-201,2026-09-05 22:05:00,bearing_temp,48.21,°C
SR-000625,M-201,2026-09-05 06:02:00,power_consumption,46.07,kW
SR-000626,M-201,2026-09-05 14:01:00,power_consumption,43.81,kW
SR-000627,M-201,2026-09-05 22:02:00,power_consumption,44.55,kW
SR-000628,M-201,2026-09-05 06:00:00,coolant_pressure,179.53,bar
SR-000629,M-201,2026-09-05 14:00:00,coolant_pressure,183.65,bar
SR-000630,M-201,2026-09-05 22:05:00,coolant_pressure,183.74,bar
SR-000631,M-202,2026-09-05 06:02:00,vibration,3.5,mm/s
SR-000632,M-202,2026-09-05 14:04:00,vibration,3.21,mm/s
SR-000633,M-202,2026-09-05 22:01:00,vibration,2.54,mm/s
SR-000634,M-202,2026-09-05 06:04:00,bearing_temp,47.56,°C
SR-000635,M-202,2026-09-05 14:05:00,bearing_temp,56.74,°C
SR-000636,M-202,2026-09-05 22:04:00,bearing_temp,51.88,°C
SR-000637,M-202,2026-09-05 06:00:00,power_consumption,43.63,kW
SR-000638,M-202,2026-09-05 14:00:00,power_consumption,49.08,kW
SR-000639,M-202,2026-09-05 22:03:00,power_consumption,50.82,kW
SR-000640,M-202,2026-09-05 06:05:00,coolant_pressure,179.91,bar
SR-000641,M-202,2026-09-05 14:03:00,coolant_pressure,186.15,bar
SR-000642,M-202,2026-09-05 22:00:00,coolant_pressure,184.95,bar
SR-000643,M-301,2026-09-05 06:01:00,vibration,2.68,mm/s
SR-000644,M-301,2026-09-05 14:00:00,vibration,2.19,mm/s
SR-000645,M-301,2026-09-05 22:04:00,vibration,2.79,mm/s
SR-000646,M-301,2026-09-05 06:04:00,bearing_temp,47.99,°C
SR-000647,M-301,2026-09-05 14:04:00,bearing_temp,44.31,°C
SR-000648,M-301,2026-09-05 22:04:00,bearing_temp,42.14,°C
SR-000649,M-301,2026-09-05 06:03:00,spindle_speed,7933.92,RPM
SR-000650,M-301,2026-09-05 14:00:00,spindle_speed,8227.99,RPM
SR-000651,M-301,2026-09-05 22:05:00,spindle_speed,8026.37,RPM
SR-000652,M-301,2026-09-05 06:05:00,power_consumption,17.29,kW
SR-000653,M-301,2026-09-05 14:01:00,power_consumption,19.37,kW
SR-000654,M-301,2026-09-05 22:03:00,power_consumption,16.68,kW
SR-000655,M-301,2026-09-05 06:02:00,coolant_pressure,5.29,bar
SR-000656,M-301,2026-09-05 14:03:00,coolant_pressure,5.56,bar
SR-000657,M-301,2026-09-05 22:02:00,coolant_pressure,5.11,bar
SR-000658,M-302,2026-09-05 06:03:00,vibration,2.78,mm/s
SR-000659,M-302,2026-09-05 14:01:00,vibration,2.28,mm/s
SR-000660,M-302,2026-09-05 22:05:00,vibration,2.68,mm/s
SR-000661,M-302,2026-09-05 06:00:00,bearing_temp,45.99,°C
SR-000662,M-302,2026-09-05 14:00:00,bearing_temp,44.48,°C
SR-000663,M-302,2026-09-05 22:02:00,bearing_temp,40.49,°C
SR-000664,M-302,2026-09-05 06:01:00,spindle_speed,8137.16,RPM
SR-000665,M-302,2026-09-05 14:04:00,spindle_speed,7750.71,RPM
SR-000666,M-302,2026-09-05 22:04:00,spindle_speed,7907.82,RPM
SR-000667,M-302,2026-09-05 06:02:00,power_consumption,17.63,kW
SR-000668,M-302,2026-09-05 14:05:00,power_consumption,18.67,kW
SR-000669,M-302,2026-09-05 22:05:00,power_consumption,19.47,kW
SR-000670,M-302,2026-09-05 06:00:00,coolant_pressure,5.39,bar
SR-000671,M-302,2026-09-05 14:02:00,coolant_pressure,5.9,bar
SR-000672,M-302,2026-09-05 22:00:00,coolant_pressure,5.42,bar
SR-000673,M-303,2026-09-05 06:05:00,vibration,2.16,mm/s
SR-000674,M-303,2026-09-05 14:03:00,vibration,2.27,mm/s
SR-000675,M-303,2026-09-05 22:04:00,vibration,2.43,mm/s
SR-000676,M-303,2026-09-05 06:02:00,bearing_temp,46.42,°C
SR-000677,M-303,2026-09-05 14:01:00,bearing_temp,46.82,°C
SR-000678,M-303,2026-09-05 22:03:00,bearing_temp,46.6,°C
SR-000679,M-303,2026-09-05 06:04:00,spindle_speed,8305.04,RPM
SR-000680,M-303,2026-09-05 14:04:00,spindle_speed,7552.09,RPM
SR-000681,M-303,2026-09-05 22:04:00,spindle_speed,7884.14,RPM
SR-000682,M-303,2026-09-05 06:05:00,power_consumption,16.3,kW
SR-000683,M-303,2026-09-05 14:01:00,power_consumption,18.57,kW
SR-000684,M-303,2026-09-05 22:02:00,power_consumption,16.96,kW
SR-000685,M-303,2026-09-05 06:02:00,coolant_pressure,5.42,bar
SR-000686,M-303,2026-09-05 14:02:00,coolant_pressure,5.25,bar
SR-000687,M-303,2026-09-05 22:04:00,coolant_pressure,6.11,bar
SR-000688,M-401,2026-09-05 06:05:00,vibration,0.81,mm/s
SR-000689,M-401,2026-09-05 14:05:00,vibration,0.73,mm/s
SR-000690,M-401,2026-09-05 22:00:00,vibration,0.85,mm/s
SR-000691,M-401,2026-09-05 06:03:00,bearing_temp,37.06,°C
SR-000692,M-401,2026-09-05 14:03:00,bearing_temp,36.34,°C
SR-000693,M-401,2026-09-05 22:02:00,bearing_temp,33.88,°C
SR-000694,M-401,2026-09-05 06:05:00,power_consumption,5.08,kW
SR-000695,M-401,2026-09-05 14:04:00,power_consumption,4.46,kW
SR-000696,M-401,2026-09-05 22:00:00,power_consumption,6.06,kW
SR-000697,M-402,2026-09-05 06:04:00,vibration,0.86,mm/s
SR-000698,M-402,2026-09-05 14:00:00,vibration,0.74,mm/s
SR-000699,M-402,2026-09-05 22:05:00,vibration,0.75,mm/s
SR-000700,M-402,2026-09-05 06:03:00,bearing_temp,33.58,°C
SR-000701,M-402,2026-09-05 14:02:00,bearing_temp,32.85,°C
SR-000702,M-402,2026-09-05 22:01:00,bearing_temp,35.19,°C
SR-000703,M-402,2026-09-05 06:03:00,power_consumption,5.01,kW
SR-000704,M-402,2026-09-05 14:00:00,power_consumption,4.75,kW
SR-000705,M-402,2026-09-05 22:03:00,power_consumption,4.84,kW
SR-000706,M-501,2026-09-05 06:04:00,vibration,2.77,mm/s
SR-000707,M-501,2026-09-05 14:03:00,vibration,2.14,mm/s
SR-000708,M-501,2026-09-05 22:04:00,vibration,2.1,mm/s
SR-000709,M-501,2026-09-05 06:01:00,bearing_temp,44.75,°C
SR-000710,M-501,2026-09-05 14:01:00,bearing_temp,43.63,°C
SR-000711,M-501,2026-09-05 22:00:00,bearing_temp,43.2,°C
SR-000712,M-501,2026-09-05 06:00:00,spindle_speed,3864.13,RPM
SR-000713,M-501,2026-09-05 14:01:00,spindle_speed,3824.9,RPM
SR-000714,M-501,2026-09-05 22:03:00,spindle_speed,4002.88,RPM
SR-000715,M-501,2026-09-05 06:04:00,power_consumption,14.07,kW
SR-000716,M-501,2026-09-05 14:05:00,power_consumption,14.81,kW
SR-000717,M-501,2026-09-05 22:05:00,power_consumption,15.18,kW
SR-000718,M-501,2026-09-05 06:00:00,coolant_pressure,4.9,bar
SR-000719,M-501,2026-09-05 14:00:00,coolant_pressure,4.72,bar
SR-000720,M-501,2026-09-05 22:02:00,coolant_pressure,5.12,bar
SR-000721,M-502,2026-09-05 06:05:00,vibration,1.79,mm/s
SR-000722,M-502,2026-09-05 14:05:00,vibration,1.99,mm/s
SR-000723,M-502,2026-09-05 22:00:00,vibration,2.05,mm/s
SR-000724,M-502,2026-09-05 06:02:00,bearing_temp,43.61,°C
SR-000725,M-502,2026-09-05 14:03:00,bearing_temp,45.86,°C
SR-000726,M-502,2026-09-05 22:05:00,bearing_temp,48.35,°C
SR-000727,M-502,2026-09-05 06:00:00,spindle_speed,4056.42,RPM
SR-000728,M-502,2026-09-05 14:01:00,spindle_speed,3968.88,RPM
SR-000729,M-502,2026-09-05 22:00:00,spindle_speed,3860.5,RPM
SR-000730,M-502,2026-09-05 06:03:00,power_consumption,15.48,kW
SR-000731,M-502,2026-09-05 14:01:00,power_consumption,16.36,kW
SR-000732,M-502,2026-09-05 22:02:00,power_consumption,13.56,kW
SR-000733,M-502,2026-09-05 06:05:00,coolant_pressure,5.02,bar
SR-000734,M-502,2026-09-05 14:00:00,coolant_pressure,4.9,bar
SR-000735,M-502,2026-09-05 22:02:00,coolant_pressure,4.84,bar
SR-000736,M-101,2026-09-06 06:02:00,vibration,2.35,mm/s
SR-000737,M-101,2026-09-06 14:01:00,vibration,2.3,mm/s
SR-000738,M-101,2026-09-06 22:01:00,vibration,1.67,mm/s
SR-000739,M-101,2026-09-06 06:01:00,bearing_temp,46.84,°C
SR-000740,M-101,2026-09-06 14:04:00,bearing_temp,46.39,°C
SR-000741,M-101,2026-09-06 22:00:00,bearing_temp,47.9,°C
SR-000742,M-101,2026-09-06 06:01:00,spindle_speed,8276.55,RPM
SR-000743,M-101,2026-09-06 14:03:00,spindle_speed,8268.18,RPM
SR-000744,M-101,2026-09-06 22:04:00,spindle_speed,7915.27,RPM
SR-000745,M-101,2026-09-06 06:04:00,power_consumption,18.1,kW
SR-000746,M-101,2026-09-06 14:05:00,power_consumption,16.37,kW
SR-000747,M-101,2026-09-06 22:05:00,power_consumption,16.61,kW
SR-000748,M-101,2026-09-06 06:02:00,coolant_pressure,5.18,bar
SR-000749,M-101,2026-09-06 14:03:00,coolant_pressure,5.57,bar
SR-000750,M-101,2026-09-06 22:05:00,coolant_pressure,5.59,bar
SR-000751,M-102,2026-09-06 06:00:00,vibration,2.3,mm/s
SR-000752,M-102,2026-09-06 14:02:00,vibration,2.7,mm/s
SR-000753,M-102,2026-09-06 22:03:00,vibration,2.06,mm/s
SR-000754,M-102,2026-09-06 06:00:00,bearing_temp,44.88,°C
SR-000755,M-102,2026-09-06 14:00:00,bearing_temp,50.31,°C
SR-000756,M-102,2026-09-06 22:05:00,bearing_temp,46.98,°C
SR-000757,M-102,2026-09-06 06:04:00,spindle_speed,8258.67,RPM
SR-000758,M-102,2026-09-06 14:04:00,spindle_speed,7703.8,RPM
SR-000759,M-102,2026-09-06 22:04:00,spindle_speed,7777.29,RPM
SR-000760,M-102,2026-09-06 06:05:00,power_consumption,17.93,kW
SR-000761,M-102,2026-09-06 14:04:00,power_consumption,19.3,kW
SR-000762,M-102,2026-09-06 22:05:00,power_consumption,17.0,kW
SR-000763,M-102,2026-09-06 06:04:00,coolant_pressure,5.65,bar
SR-000764,M-102,2026-09-06 14:01:00,coolant_pressure,5.88,bar
SR-000765,M-102,2026-09-06 22:02:00,coolant_pressure,5.82,bar
SR-000766,M-201,2026-09-06 06:05:00,vibration,2.86,mm/s
SR-000767,M-201,2026-09-06 14:00:00,vibration,3.62,mm/s
SR-000768,M-201,2026-09-06 22:01:00,vibration,3.36,mm/s
SR-000769,M-201,2026-09-06 06:04:00,bearing_temp,46.77,°C
SR-000770,M-201,2026-09-06 14:04:00,bearing_temp,38.16,°C
SR-000771,M-201,2026-09-06 22:02:00,bearing_temp,47.07,°C
SR-000772,M-201,2026-09-06 06:03:00,power_consumption,43.18,kW
SR-000773,M-201,2026-09-06 14:04:00,power_consumption,42.71,kW
SR-000774,M-201,2026-09-06 22:00:00,power_consumption,46.48,kW
SR-000775,M-201,2026-09-06 06:00:00,coolant_pressure,181.76,bar
SR-000776,M-201,2026-09-06 14:02:00,coolant_pressure,173.0,bar
SR-000777,M-201,2026-09-06 22:02:00,coolant_pressure,186.24,bar
SR-000778,M-202,2026-09-06 06:02:00,vibration,3.42,mm/s
SR-000779,M-202,2026-09-06 14:04:00,vibration,2.88,mm/s
SR-000780,M-202,2026-09-06 22:01:00,vibration,2.28,mm/s
SR-000781,M-202,2026-09-06 06:01:00,bearing_temp,47.35,°C
SR-000782,M-202,2026-09-06 14:02:00,bearing_temp,54.58,°C
SR-000783,M-202,2026-09-06 22:05:00,bearing_temp,47.84,°C
SR-000784,M-202,2026-09-06 06:03:00,power_consumption,49.07,kW
SR-000785,M-202,2026-09-06 14:00:00,power_consumption,48.25,kW
SR-000786,M-202,2026-09-06 22:02:00,power_consumption,48.41,kW
SR-000787,M-202,2026-09-06 06:02:00,coolant_pressure,173.31,bar
SR-000788,M-202,2026-09-06 14:01:00,coolant_pressure,177.4,bar
SR-000789,M-202,2026-09-06 22:05:00,coolant_pressure,175.48,bar
SR-000790,M-301,2026-09-06 06:05:00,vibration,1.74,mm/s
SR-000791,M-301,2026-09-06 14:05:00,vibration,2.55,mm/s
SR-000792,M-301,2026-09-06 22:03:00,vibration,2.31,mm/s
SR-000793,M-301,2026-09-06 06:02:00,bearing_temp,44.43,°C
SR-000794,M-301,2026-09-06 14:01:00,bearing_temp,44.97,°C
SR-000795,M-301,2026-09-06 22:03:00,bearing_temp,47.62,°C
SR-000796,M-301,2026-09-06 06:01:00,spindle_speed,7944.76,RPM
SR-000797,M-301,2026-09-06 14:00:00,spindle_speed,8015.98,RPM
SR-000798,M-301,2026-09-06 22:02:00,spindle_speed,8107.63,RPM
SR-000799,M-301,2026-09-06 06:04:00,power_consumption,18.39,kW
SR-000800,M-301,2026-09-06 14:05:00,power_consumption,17.43,kW
SR-000801,M-301,2026-09-06 22:02:00,power_consumption,18.31,kW
SR-000802,M-301,2026-09-06 06:04:00,coolant_pressure,5.44,bar
SR-000803,M-301,2026-09-06 14:01:00,coolant_pressure,5.7,bar
SR-000804,M-301,2026-09-06 22:01:00,coolant_pressure,5.71,bar
SR-000805,M-302,2026-09-06 06:01:00,vibration,2.74,mm/s
SR-000806,M-302,2026-09-06 14:05:00,vibration,1.8,mm/s
SR-000807,M-302,2026-09-06 22:05:00,vibration,2.02,mm/s
SR-000808,M-302,2026-09-06 06:05:00,bearing_temp,46.18,°C
SR-000809,M-302,2026-09-06 14:02:00,bearing_temp,45.25,°C
SR-000810,M-302,2026-09-06 22:05:00,bearing_temp,48.24,°C
SR-000811,M-302,2026-09-06 06:01:00,spindle_speed,8030.78,RPM
SR-000812,M-302,2026-09-06 14:02:00,spindle_speed,7857.25,RPM
SR-000813,M-302,2026-09-06 22:01:00,spindle_speed,8342.18,RPM
SR-000814,M-302,2026-09-06 06:02:00,power_consumption,17.44,kW
SR-000815,M-302,2026-09-06 14:03:00,power_consumption,17.15,kW
SR-000816,M-302,2026-09-06 22:03:00,power_consumption,16.24,kW
SR-000817,M-302,2026-09-06 06:04:00,coolant_pressure,5.56,bar
SR-000818,M-302,2026-09-06 14:04:00,coolant_pressure,4.98,bar
SR-000819,M-302,2026-09-06 22:01:00,coolant_pressure,5.34,bar
SR-000820,M-303,2026-09-06 06:04:00,vibration,2.52,mm/s
SR-000821,M-303,2026-09-06 14:05:00,vibration,2.6,mm/s
SR-000822,M-303,2026-09-06 22:03:00,vibration,2.63,mm/s
SR-000823,M-303,2026-09-06 06:00:00,bearing_temp,47.68,°C
SR-000824,M-303,2026-09-06 14:05:00,bearing_temp,42.29,°C
SR-000825,M-303,2026-09-06 22:02:00,bearing_temp,48.32,°C
SR-000826,M-303,2026-09-06 06:00:00,spindle_speed,7678.36,RPM
SR-000827,M-303,2026-09-06 14:04:00,spindle_speed,8013.14,RPM
SR-000828,M-303,2026-09-06 22:01:00,spindle_speed,7840.91,RPM
SR-000829,M-303,2026-09-06 06:01:00,power_consumption,18.32,kW
SR-000830,M-303,2026-09-06 14:03:00,power_consumption,17.43,kW
SR-000831,M-303,2026-09-06 22:03:00,power_consumption,20.59,kW
SR-000832,M-303,2026-09-06 06:00:00,coolant_pressure,5.04,bar
SR-000833,M-303,2026-09-06 14:03:00,coolant_pressure,5.27,bar
SR-000834,M-303,2026-09-06 22:00:00,coolant_pressure,5.68,bar
SR-000835,M-401,2026-09-06 06:00:00,vibration,0.77,mm/s
SR-000836,M-401,2026-09-06 14:05:00,vibration,0.83,mm/s
SR-000837,M-401,2026-09-06 22:01:00,vibration,0.64,mm/s
SR-000838,M-401,2026-09-06 06:00:00,bearing_temp,32.14,°C
SR-000839,M-401,2026-09-06 14:05:00,bearing_temp,34.14,°C
SR-000840,M-401,2026-09-06 22:01:00,bearing_temp,38.66,°C
SR-000841,M-401,2026-09-06 06:04:00,power_consumption,5.03,kW
SR-000842,M-401,2026-09-06 14:00:00,power_consumption,4.44,kW
SR-000843,M-401,2026-09-06 22:01:00,power_consumption,5.08,kW
SR-000844,M-402,2026-09-06 06:01:00,vibration,0.78,mm/s
SR-000845,M-402,2026-09-06 14:04:00,vibration,0.57,mm/s
SR-000846,M-402,2026-09-06 22:03:00,vibration,0.73,mm/s
SR-000847,M-402,2026-09-06 06:02:00,bearing_temp,36.26,°C
SR-000848,M-402,2026-09-06 14:00:00,bearing_temp,36.06,°C
SR-000849,M-402,2026-09-06 22:04:00,bearing_temp,36.99,°C
SR-000850,M-402,2026-09-06 06:03:00,power_consumption,5.15,kW
SR-000851,M-402,2026-09-06 14:03:00,power_consumption,5.88,kW
SR-000852,M-402,2026-09-06 22:04:00,power_consumption,5.37,kW
SR-000853,M-501,2026-09-06 06:04:00,vibration,1.67,mm/s
SR-000854,M-501,2026-09-06 14:01:00,vibration,2.08,mm/s
SR-000855,M-501,2026-09-06 22:00:00,vibration,2.14,mm/s
SR-000856,M-501,2026-09-06 06:04:00,bearing_temp,40.76,°C
SR-000857,M-501,2026-09-06 14:01:00,bearing_temp,40.85,°C
SR-000858,M-501,2026-09-06 22:05:00,bearing_temp,45.86,°C
SR-000859,M-501,2026-09-06 06:02:00,spindle_speed,3901.25,RPM
SR-000860,M-501,2026-09-06 14:00:00,spindle_speed,3825.05,RPM
SR-000861,M-501,2026-09-06 22:04:00,spindle_speed,4198.0,RPM
SR-000862,M-501,2026-09-06 06:04:00,power_consumption,14.52,kW
SR-000863,M-501,2026-09-06 14:00:00,power_consumption,17.66,kW
SR-000864,M-501,2026-09-06 22:05:00,power_consumption,15.34,kW
SR-000865,M-501,2026-09-06 06:05:00,coolant_pressure,4.8,bar
SR-000866,M-501,2026-09-06 14:00:00,coolant_pressure,5.17,bar
SR-000867,M-501,2026-09-06 22:01:00,coolant_pressure,4.94,bar
SR-000868,M-502,2026-09-06 06:05:00,vibration,2.3,mm/s
SR-000869,M-502,2026-09-06 14:04:00,vibration,2.11,mm/s
SR-000870,M-502,2026-09-06 22:05:00,vibration,2.06,mm/s
SR-000871,M-502,2026-09-06 06:02:00,bearing_temp,43.06,°C
SR-000872,M-502,2026-09-06 14:04:00,bearing_temp,41.66,°C
SR-000873,M-502,2026-09-06 22:05:00,bearing_temp,41.11,°C
SR-000874,M-502,2026-09-06 06:03:00,spindle_speed,4182.77,RPM
SR-000875,M-502,2026-09-06 14:01:00,spindle_speed,4169.93,RPM
SR-000876,M-502,2026-09-06 22:01:00,spindle_speed,3979.42,RPM
SR-000877,M-502,2026-09-06 06:03:00,power_consumption,16.92,kW
SR-000878,M-502,2026-09-06 14:00:00,power_consumption,15.8,kW
SR-000879,M-502,2026-09-06 22:01:00,power_consumption,14.9,kW
SR-000880,M-502,2026-09-06 06:00:00,coolant_pressure,5.07,bar
SR-000881,M-502,2026-09-06 14:03:00,coolant_pressure,4.91,bar
SR-000882,M-502,2026-09-06 22:04:00,coolant_pressure,5.2,bar
SR-000883,M-101,2026-09-07 06:05:00,vibration,2.29,mm/s
SR-000884,M-101,2026-09-07 14:01:00,vibration,2.42,mm/s
SR-000885,M-101,2026-09-07 22:00:00,vibration,2.22,mm/s
SR-000886,M-101,2026-09-07 06:05:00,bearing_temp,50.82,°C
SR-000887,M-101,2026-09-07 14:02:00,bearing_temp,44.24,°C
SR-000888,M-101,2026-09-07 22:03:00,bearing_temp,46.35,°C
SR-000889,M-101,2026-09-07 06:03:00,spindle_speed,8253.46,RPM
SR-000890,M-101,2026-09-07 14:02:00,spindle_speed,7788.94,RPM
SR-000891,M-101,2026-09-07 22:03:00,spindle_speed,8231.01,RPM
SR-000892,M-101,2026-09-07 06:02:00,power_consumption,17.71,kW
SR-000893,M-101,2026-09-07 14:00:00,power_consumption,19.61,kW
SR-000894,M-101,2026-09-07 22:05:00,power_consumption,17.17,kW
SR-000895,M-101,2026-09-07 06:01:00,coolant_pressure,5.22,bar
SR-000896,M-101,2026-09-07 14:04:00,coolant_pressure,5.65,bar
SR-000897,M-101,2026-09-07 22:02:00,coolant_pressure,5.46,bar
SR-000898,M-102,2026-09-07 06:05:00,vibration,2.58,mm/s
SR-000899,M-102,2026-09-07 14:05:00,vibration,2.28,mm/s
SR-000900,M-102,2026-09-07 22:03:00,vibration,2.82,mm/s
SR-000901,M-102,2026-09-07 06:03:00,bearing_temp,46.63,°C
SR-000902,M-102,2026-09-07 14:00:00,bearing_temp,47.81,°C
SR-000903,M-102,2026-09-07 22:04:00,bearing_temp,44.04,°C
SR-000904,M-102,2026-09-07 06:03:00,spindle_speed,7564.12,RPM
SR-000905,M-102,2026-09-07 14:00:00,spindle_speed,7914.01,RPM
SR-000906,M-102,2026-09-07 22:00:00,spindle_speed,8552.88,RPM
SR-000907,M-102,2026-09-07 06:04:00,power_consumption,17.27,kW
SR-000908,M-102,2026-09-07 14:05:00,power_consumption,16.65,kW
SR-000909,M-102,2026-09-07 22:01:00,power_consumption,16.41,kW
SR-000910,M-102,2026-09-07 06:04:00,coolant_pressure,4.83,bar
SR-000911,M-102,2026-09-07 14:01:00,coolant_pressure,5.36,bar
SR-000912,M-102,2026-09-07 22:00:00,coolant_pressure,5.21,bar
SR-000913,M-201,2026-09-07 06:02:00,vibration,3.06,mm/s
SR-000914,M-201,2026-09-07 14:03:00,vibration,3.72,mm/s
SR-000915,M-201,2026-09-07 22:01:00,vibration,3.12,mm/s
SR-000916,M-201,2026-09-07 06:05:00,bearing_temp,49.68,°C
SR-000917,M-201,2026-09-07 14:03:00,bearing_temp,46.34,°C
SR-000918,M-201,2026-09-07 22:00:00,bearing_temp,51.19,°C
SR-000919,M-201,2026-09-07 06:03:00,power_consumption,41.71,kW
SR-000920,M-201,2026-09-07 14:02:00,power_consumption,43.35,kW
SR-000921,M-201,2026-09-07 22:00:00,power_consumption,43.66,kW
SR-000922,M-201,2026-09-07 06:00:00,coolant_pressure,176.94,bar
SR-000923,M-201,2026-09-07 14:03:00,coolant_pressure,179.47,bar
SR-000924,M-201,2026-09-07 22:04:00,coolant_pressure,174.14,bar
SR-000925,M-202,2026-09-07 06:05:00,vibration,3.64,mm/s
SR-000926,M-202,2026-09-07 14:03:00,vibration,3.58,mm/s
SR-000927,M-202,2026-09-07 22:05:00,vibration,3.15,mm/s
SR-000928,M-202,2026-09-07 06:03:00,bearing_temp,55.37,°C
SR-000929,M-202,2026-09-07 14:00:00,bearing_temp,50.67,°C
SR-000930,M-202,2026-09-07 22:03:00,bearing_temp,52.06,°C
SR-000931,M-202,2026-09-07 06:00:00,power_consumption,47.22,kW
SR-000932,M-202,2026-09-07 14:05:00,power_consumption,49.19,kW
SR-000933,M-202,2026-09-07 22:05:00,power_consumption,53.63,kW
SR-000934,M-202,2026-09-07 06:02:00,coolant_pressure,177.03,bar
SR-000935,M-202,2026-09-07 14:02:00,coolant_pressure,178.41,bar
SR-000936,M-202,2026-09-07 22:02:00,coolant_pressure,173.88,bar
SR-000937,M-301,2026-09-07 06:05:00,vibration,2.78,mm/s
SR-000938,M-301,2026-09-07 14:05:00,vibration,1.89,mm/s
SR-000939,M-301,2026-09-07 22:01:00,vibration,2.57,mm/s
SR-000940,M-301,2026-09-07 06:00:00,bearing_temp,47.52,°C
SR-000941,M-301,2026-09-07 14:01:00,bearing_temp,50.29,°C
SR-000942,M-301,2026-09-07 22:03:00,bearing_temp,44.5,°C
SR-000943,M-301,2026-09-07 06:02:00,spindle_speed,8250.7,RPM
SR-000944,M-301,2026-09-07 14:03:00,spindle_speed,8041.78,RPM
SR-000945,M-301,2026-09-07 22:04:00,spindle_speed,8083.8,RPM
SR-000946,M-301,2026-09-07 06:00:00,power_consumption,16.21,kW
SR-000947,M-301,2026-09-07 14:05:00,power_consumption,19.38,kW
SR-000948,M-301,2026-09-07 22:05:00,power_consumption,18.61,kW
SR-000949,M-301,2026-09-07 06:03:00,coolant_pressure,5.19,bar
SR-000950,M-301,2026-09-07 14:04:00,coolant_pressure,5.54,bar
SR-000951,M-301,2026-09-07 22:05:00,coolant_pressure,6.22,bar
SR-000952,M-302,2026-09-07 06:00:00,vibration,2.88,mm/s
SR-000953,M-302,2026-09-07 14:02:00,vibration,1.83,mm/s
SR-000954,M-302,2026-09-07 22:01:00,vibration,2.59,mm/s
SR-000955,M-302,2026-09-07 06:05:00,bearing_temp,48.76,°C
SR-000956,M-302,2026-09-07 14:04:00,bearing_temp,41.38,°C
SR-000957,M-302,2026-09-07 22:03:00,bearing_temp,48.24,°C
SR-000958,M-302,2026-09-07 06:04:00,spindle_speed,8473.85,RPM
SR-000959,M-302,2026-09-07 14:00:00,spindle_speed,8057.18,RPM
SR-000960,M-302,2026-09-07 22:04:00,spindle_speed,7964.07,RPM
SR-000961,M-302,2026-09-07 06:02:00,power_consumption,18.51,kW
SR-000962,M-302,2026-09-07 14:05:00,power_consumption,18.74,kW
SR-000963,M-302,2026-09-07 22:04:00,power_consumption,18.56,kW
SR-000964,M-302,2026-09-07 06:02:00,coolant_pressure,6.22,bar
SR-000965,M-302,2026-09-07 14:05:00,coolant_pressure,5.63,bar
SR-000966,M-302,2026-09-07 22:04:00,coolant_pressure,5.31,bar
SR-000967,M-303,2026-09-07 06:04:00,vibration,2.31,mm/s
SR-000968,M-303,2026-09-07 14:04:00,vibration,2.95,mm/s
SR-000969,M-303,2026-09-07 22:04:00,vibration,2.88,mm/s
SR-000970,M-303,2026-09-07 06:04:00,bearing_temp,47.38,°C
SR-000971,M-303,2026-09-07 14:05:00,bearing_temp,47.49,°C
SR-000972,M-303,2026-09-07 22:04:00,bearing_temp,48.63,°C
SR-000973,M-303,2026-09-07 06:00:00,spindle_speed,7762.51,RPM
SR-000974,M-303,2026-09-07 14:00:00,spindle_speed,8386.89,RPM
SR-000975,M-303,2026-09-07 22:04:00,spindle_speed,8425.12,RPM
SR-000976,M-303,2026-09-07 06:02:00,power_consumption,19.78,kW
SR-000977,M-303,2026-09-07 14:03:00,power_consumption,16.51,kW
SR-000978,M-303,2026-09-07 22:04:00,power_consumption,15.92,kW
SR-000979,M-303,2026-09-07 06:05:00,coolant_pressure,5.27,bar
SR-000980,M-303,2026-09-07 14:04:00,coolant_pressure,5.23,bar
SR-000981,M-303,2026-09-07 22:03:00,coolant_pressure,5.31,bar
SR-000982,M-401,2026-09-07 06:01:00,vibration,1.16,mm/s
SR-000983,M-401,2026-09-07 14:02:00,vibration,0.88,mm/s
SR-000984,M-401,2026-09-07 22:03:00,vibration,0.59,mm/s
SR-000985,M-401,2026-09-07 06:03:00,bearing_temp,35.63,°C
SR-000986,M-401,2026-09-07 14:03:00,bearing_temp,35.31,°C
SR-000987,M-401,2026-09-07 22:04:00,bearing_temp,33.66,°C
SR-000988,M-401,2026-09-07 06:01:00,power_consumption,5.03,kW
SR-000989,M-401,2026-09-07 14:05:00,power_consumption,4.7,kW
SR-000990,M-401,2026-09-07 22:02:00,power_consumption,5.74,kW
SR-000991,M-402,2026-09-07 06:02:00,vibration,0.88,mm/s
SR-000992,M-402,2026-09-07 14:04:00,vibration,0.79,mm/s
SR-000993,M-402,2026-09-07 22:03:00,vibration,0.68,mm/s
SR-000994,M-402,2026-09-07 06:00:00,bearing_temp,34.34,°C
SR-000995,M-402,2026-09-07 14:00:00,bearing_temp,34.83,°C
SR-000996,M-402,2026-09-07 22:00:00,bearing_temp,36.5,°C
SR-000997,M-402,2026-09-07 06:04:00,power_consumption,4.88,kW
SR-000998,M-402,2026-09-07 14:03:00,power_consumption,5.48,kW
SR-000999,M-402,2026-09-07 22:01:00,power_consumption,5.01,kW
SR-001000,M-501,2026-09-07 06:02:00,vibration,2.97,mm/s
SR-001001,M-501,2026-09-07 14:01:00,vibration,2.76,mm/s
SR-001002,M-501,2026-09-07 22:01:00,vibration,1.95,mm/s
SR-001003,M-501,2026-09-07 06:03:00,bearing_temp,39.69,°C
SR-001004,M-501,2026-09-07 14:02:00,bearing_temp,43.04,°C
SR-001005,M-501,2026-09-07 22:03:00,bearing_temp,41.81,°C
SR-001006,M-501,2026-09-07 06:04:00,spindle_speed,4001.18,RPM
SR-001007,M-501,2026-09-07 14:04:00,spindle_speed,3881.94,RPM
SR-001008,M-501,2026-09-07 22:02:00,spindle_speed,4032.51,RPM
SR-001009,M-501,2026-09-07 06:04:00,power_consumption,16.02,kW
SR-001010,M-501,2026-09-07 14:05:00,power_consumption,15.32,kW
SR-001011,M-501,2026-09-07 22:00:00,power_consumption,14.49,kW
SR-001012,M-501,2026-09-07 06:00:00,coolant_pressure,4.8,bar
SR-001013,M-501,2026-09-07 14:05:00,coolant_pressure,4.48,bar
SR-001014,M-501,2026-09-07 22:02:00,coolant_pressure,5.24,bar
SR-001015,M-502,2026-09-07 06:03:00,vibration,2.23,mm/s
SR-001016,M-502,2026-09-07 14:00:00,vibration,1.87,mm/s
SR-001017,M-502,2026-09-07 22:04:00,vibration,1.99,mm/s
SR-001018,M-502,2026-09-07 06:02:00,bearing_temp,42.3,°C
SR-001019,M-502,2026-09-07 14:04:00,bearing_temp,45.65,°C
SR-001020,M-502,2026-09-07 22:02:00,bearing_temp,44.32,°C
SR-001021,M-502,2026-09-07 06:04:00,spindle_speed,4095.52,RPM
SR-001022,M-502,2026-09-07 14:00:00,spindle_speed,3813.44,RPM
SR-001023,M-502,2026-09-07 22:02:00,spindle_speed,4046.72,RPM
SR-001024,M-502,2026-09-07 06:02:00,power_consumption,15.39,kW
SR-001025,M-502,2026-09-07 14:01:00,power_consumption,13.93,kW
SR-001026,M-502,2026-09-07 22:01:00,power_consumption,14.59,kW
SR-001027,M-502,2026-09-07 06:00:00,coolant_pressure,4.8,bar
SR-001028,M-502,2026-09-07 14:00:00,coolant_pressure,4.85,bar
SR-001029,M-502,2026-09-07 22:03:00,coolant_pressure,5.38,bar
SR-001030,M-101,2026-09-08 06:04:00,vibration,2.55,mm/s
SR-001031,M-101,2026-09-08 14:04:00,vibration,1.87,mm/s
SR-001032,M-101,2026-09-08 22:01:00,vibration,2.55,mm/s
SR-001033,M-101,2026-09-08 06:01:00,bearing_temp,43.05,°C
SR-001034,M-101,2026-09-08 14:03:00,bearing_temp,48.65,°C
SR-001035,M-101,2026-09-08 22:02:00,bearing_temp,49.91,°C
SR-001036,M-101,2026-09-08 06:04:00,spindle_speed,7980.67,RPM
SR-001037,M-101,2026-09-08 14:04:00,spindle_speed,7806.1,RPM
SR-001038,M-101,2026-09-08 22:03:00,spindle_speed,8321.5,RPM
SR-001039,M-101,2026-09-08 06:00:00,power_consumption,17.68,kW
SR-001040,M-101,2026-09-08 14:02:00,power_consumption,16.78,kW
SR-001041,M-101,2026-09-08 22:03:00,power_consumption,17.65,kW
SR-001042,M-101,2026-09-08 06:04:00,coolant_pressure,5.63,bar
SR-001043,M-101,2026-09-08 14:05:00,coolant_pressure,5.27,bar
SR-001044,M-101,2026-09-08 22:05:00,coolant_pressure,6.1,bar
SR-001045,M-102,2026-09-08 06:05:00,vibration,2.85,mm/s
SR-001046,M-102,2026-09-08 14:04:00,vibration,2.48,mm/s
SR-001047,M-102,2026-09-08 22:04:00,vibration,1.84,mm/s
SR-001048,M-102,2026-09-08 06:03:00,bearing_temp,42.75,°C
SR-001049,M-102,2026-09-08 14:04:00,bearing_temp,47.02,°C
SR-001050,M-102,2026-09-08 22:03:00,bearing_temp,48.71,°C
SR-001051,M-102,2026-09-08 06:00:00,spindle_speed,8181.04,RPM
SR-001052,M-102,2026-09-08 14:04:00,spindle_speed,8241.99,RPM
SR-001053,M-102,2026-09-08 22:00:00,spindle_speed,8091.44,RPM
SR-001054,M-102,2026-09-08 06:03:00,power_consumption,17.77,kW
SR-001055,M-102,2026-09-08 14:05:00,power_consumption,17.67,kW
SR-001056,M-102,2026-09-08 22:01:00,power_consumption,18.79,kW
SR-001057,M-102,2026-09-08 06:03:00,coolant_pressure,5.06,bar
SR-001058,M-102,2026-09-08 14:05:00,coolant_pressure,5.78,bar
SR-001059,M-102,2026-09-08 22:04:00,coolant_pressure,5.43,bar
SR-001060,M-201,2026-09-08 06:01:00,vibration,2.23,mm/s
SR-001061,M-201,2026-09-08 14:03:00,vibration,1.36,mm/s
SR-001062,M-201,2026-09-08 22:04:00,vibration,2.34,mm/s
SR-001063,M-201,2026-09-08 06:03:00,bearing_temp,42.83,°C
SR-001064,M-201,2026-09-08 14:04:00,bearing_temp,57.01,°C
SR-001065,M-201,2026-09-08 22:05:00,bearing_temp,47.95,°C
SR-001066,M-201,2026-09-08 06:05:00,power_consumption,47.35,kW
SR-001067,M-201,2026-09-08 14:04:00,power_consumption,42.13,kW
SR-001068,M-201,2026-09-08 22:03:00,power_consumption,41.39,kW
SR-001069,M-201,2026-09-08 06:04:00,coolant_pressure,181.33,bar
SR-001070,M-201,2026-09-08 14:02:00,coolant_pressure,183.52,bar
SR-001071,M-201,2026-09-08 22:02:00,coolant_pressure,182.11,bar
SR-001072,M-202,2026-09-08 06:02:00,vibration,4.33,mm/s
SR-001073,M-202,2026-09-08 14:03:00,vibration,2.79,mm/s
SR-001074,M-202,2026-09-08 22:02:00,vibration,2.27,mm/s
SR-001075,M-202,2026-09-08 06:05:00,bearing_temp,44.91,°C
SR-001076,M-202,2026-09-08 14:02:00,bearing_temp,50.65,°C
SR-001077,M-202,2026-09-08 22:04:00,bearing_temp,48.77,°C
SR-001078,M-202,2026-09-08 06:03:00,power_consumption,48.81,kW
SR-001079,M-202,2026-09-08 14:02:00,power_consumption,47.38,kW
SR-001080,M-202,2026-09-08 22:01:00,power_consumption,43.17,kW
SR-001081,M-202,2026-09-08 06:05:00,coolant_pressure,178.96,bar
SR-001082,M-202,2026-09-08 14:00:00,coolant_pressure,183.99,bar
SR-001083,M-202,2026-09-08 22:02:00,coolant_pressure,176.92,bar
SR-001084,M-301,2026-09-08 06:05:00,vibration,2.76,mm/s
SR-001085,M-301,2026-09-08 14:04:00,vibration,2.13,mm/s
SR-001086,M-301,2026-09-08 22:02:00,vibration,2.44,mm/s
SR-001087,M-301,2026-09-08 06:01:00,bearing_temp,49.23,°C
SR-001088,M-301,2026-09-08 14:00:00,bearing_temp,43.11,°C
SR-001089,M-301,2026-09-08 22:01:00,bearing_temp,42.02,°C
SR-001090,M-301,2026-09-08 06:00:00,spindle_speed,7823.3,RPM
SR-001091,M-301,2026-09-08 14:05:00,spindle_speed,7881.2,RPM
SR-001092,M-301,2026-09-08 22:01:00,spindle_speed,7784.44,RPM
SR-001093,M-301,2026-09-08 06:05:00,power_consumption,19.47,kW
SR-001094,M-301,2026-09-08 14:03:00,power_consumption,18.5,kW
SR-001095,M-301,2026-09-08 22:00:00,power_consumption,20.08,kW
SR-001096,M-301,2026-09-08 06:04:00,coolant_pressure,5.8,bar
SR-001097,M-301,2026-09-08 14:05:00,coolant_pressure,5.67,bar
SR-001098,M-301,2026-09-08 22:03:00,coolant_pressure,5.48,bar
SR-001099,M-302,2026-09-08 06:02:00,vibration,2.14,mm/s
SR-001100,M-302,2026-09-08 14:02:00,vibration,2.44,mm/s
SR-001101,M-302,2026-09-08 22:00:00,vibration,2.37,mm/s
SR-001102,M-302,2026-09-08 06:05:00,bearing_temp,46.02,°C
SR-001103,M-302,2026-09-08 14:05:00,bearing_temp,41.68,°C
SR-001104,M-302,2026-09-08 22:00:00,bearing_temp,43.33,°C
SR-001105,M-302,2026-09-08 06:01:00,spindle_speed,8106.09,RPM
SR-001106,M-302,2026-09-08 14:00:00,spindle_speed,7935.65,RPM
SR-001107,M-302,2026-09-08 22:03:00,spindle_speed,8201.13,RPM
SR-001108,M-302,2026-09-08 06:01:00,power_consumption,17.97,kW
SR-001109,M-302,2026-09-08 14:02:00,power_consumption,21.54,kW
SR-001110,M-302,2026-09-08 22:00:00,power_consumption,16.51,kW
SR-001111,M-302,2026-09-08 06:00:00,coolant_pressure,5.89,bar
SR-001112,M-302,2026-09-08 14:02:00,coolant_pressure,5.52,bar
SR-001113,M-302,2026-09-08 22:04:00,coolant_pressure,5.31,bar
SR-001114,M-303,2026-09-08 06:04:00,vibration,3.57,mm/s
SR-001115,M-303,2026-09-08 14:04:00,vibration,1.46,mm/s
SR-001116,M-303,2026-09-08 22:03:00,vibration,2.44,mm/s
SR-001117,M-303,2026-09-08 06:02:00,bearing_temp,44.22,°C
SR-001118,M-303,2026-09-08 14:01:00,bearing_temp,50.4,°C
SR-001119,M-303,2026-09-08 22:05:00,bearing_temp,44.49,°C
SR-001120,M-303,2026-09-08 06:01:00,spindle_speed,7712.9,RPM
SR-001121,M-303,2026-09-08 14:02:00,spindle_speed,8180.65,RPM
SR-001122,M-303,2026-09-08 22:04:00,spindle_speed,8016.03,RPM
SR-001123,M-303,2026-09-08 06:04:00,power_consumption,17.55,kW
SR-001124,M-303,2026-09-08 14:05:00,power_consumption,17.13,kW
SR-001125,M-303,2026-09-08 22:04:00,power_consumption,20.24,kW
SR-001126,M-303,2026-09-08 06:02:00,coolant_pressure,5.16,bar
SR-001127,M-303,2026-09-08 14:01:00,coolant_pressure,5.88,bar
SR-001128,M-303,2026-09-08 22:01:00,coolant_pressure,5.73,bar
SR-001129,M-401,2026-09-08 06:00:00,vibration,0.45,mm/s
SR-001130,M-401,2026-09-08 14:02:00,vibration,0.85,mm/s
SR-001131,M-401,2026-09-08 22:02:00,vibration,0.68,mm/s
SR-001132,M-401,2026-09-08 06:02:00,bearing_temp,36.45,°C
SR-001133,M-401,2026-09-08 14:00:00,bearing_temp,33.97,°C
SR-001134,M-401,2026-09-08 22:02:00,bearing_temp,38.03,°C
SR-001135,M-401,2026-09-08 06:00:00,power_consumption,4.56,kW
SR-001136,M-401,2026-09-08 14:05:00,power_consumption,4.37,kW
SR-001137,M-401,2026-09-08 22:03:00,power_consumption,5.32,kW
SR-001138,M-402,2026-09-08 06:05:00,vibration,0.89,mm/s
SR-001139,M-402,2026-09-08 14:05:00,vibration,0.48,mm/s
SR-001140,M-402,2026-09-08 22:02:00,vibration,0.79,mm/s
SR-001141,M-402,2026-09-08 06:02:00,bearing_temp,33.95,°C
SR-001142,M-402,2026-09-08 14:02:00,bearing_temp,32.34,°C
SR-001143,M-402,2026-09-08 22:01:00,bearing_temp,33.94,°C
SR-001144,M-402,2026-09-08 06:03:00,power_consumption,4.77,kW
SR-001145,M-402,2026-09-08 14:04:00,power_consumption,5.47,kW
SR-001146,M-402,2026-09-08 22:02:00,power_consumption,5.68,kW
SR-001147,M-501,2026-09-08 06:03:00,vibration,1.78,mm/s
SR-001148,M-501,2026-09-08 14:04:00,vibration,2.45,mm/s
SR-001149,M-501,2026-09-08 22:01:00,vibration,2.43,mm/s
SR-001150,M-501,2026-09-08 06:05:00,bearing_temp,38.13,°C
SR-001151,M-501,2026-09-08 14:00:00,bearing_temp,43.17,°C
SR-001152,M-501,2026-09-08 22:04:00,bearing_temp,37.41,°C
SR-001153,M-501,2026-09-08 06:00:00,spindle_speed,3756.89,RPM
SR-001154,M-501,2026-09-08 14:04:00,spindle_speed,4084.52,RPM
SR-001155,M-501,2026-09-08 22:04:00,spindle_speed,4236.08,RPM
SR-001156,M-501,2026-09-08 06:01:00,power_consumption,16.61,kW
SR-001157,M-501,2026-09-08 14:02:00,power_consumption,14.32,kW
SR-001158,M-501,2026-09-08 22:04:00,power_consumption,14.67,kW
SR-001159,M-501,2026-09-08 06:05:00,coolant_pressure,4.61,bar
SR-001160,M-501,2026-09-08 14:04:00,coolant_pressure,5.15,bar
SR-001161,M-501,2026-09-08 22:03:00,coolant_pressure,4.41,bar
SR-001162,M-502,2026-09-08 06:00:00,vibration,2.25,mm/s
SR-001163,M-502,2026-09-08 14:03:00,vibration,1.8,mm/s
SR-001164,M-502,2026-09-08 22:04:00,vibration,2.32,mm/s
SR-001165,M-502,2026-09-08 06:02:00,bearing_temp,45.6,°C
SR-001166,M-502,2026-09-08 14:05:00,bearing_temp,43.99,°C
SR-001167,M-502,2026-09-08 22:00:00,bearing_temp,44.9,°C
SR-001168,M-502,2026-09-08 06:05:00,spindle_speed,4015.68,RPM
SR-001169,M-502,2026-09-08 14:03:00,spindle_speed,4011.7,RPM
SR-001170,M-502,2026-09-08 22:02:00,spindle_speed,4057.23,RPM
SR-001171,M-502,2026-09-08 06:00:00,power_consumption,14.54,kW
SR-001172,M-502,2026-09-08 14:00:00,power_consumption,13.57,kW
SR-001173,M-502,2026-09-08 22:02:00,power_consumption,16.35,kW
SR-001174,M-502,2026-09-08 06:03:00,coolant_pressure,4.98,bar
SR-001175,M-502,2026-09-08 14:05:00,coolant_pressure,5.06,bar
SR-001176,M-502,2026-09-08 22:05:00,coolant_pressure,5.12,bar
SR-001177,M-101,2026-09-09 06:03:00,vibration,2.15,mm/s
SR-001178,M-101,2026-09-09 14:03:00,vibration,2.07,mm/s
SR-001179,M-101,2026-09-09 22:03:00,vibration,2.99,mm/s
SR-001180,M-101,2026-09-09 06:00:00,bearing_temp,40.23,°C
SR-001181,M-101,2026-09-09 14:04:00,bearing_temp,43.19,°C
SR-001182,M-101,2026-09-09 22:01:00,bearing_temp,40.97,°C
SR-001183,M-101,2026-09-09 06:01:00,spindle_speed,7894.67,RPM
SR-001184,M-101,2026-09-09 14:04:00,spindle_speed,7848.04,RPM
SR-001185,M-101,2026-09-09 22:01:00,spindle_speed,7918.3,RPM
SR-001186,M-101,2026-09-09 06:00:00,power_consumption,18.49,kW
SR-001187,M-101,2026-09-09 14:03:00,power_consumption,18.16,kW
SR-001188,M-101,2026-09-09 22:05:00,power_consumption,13.85,kW
SR-001189,M-101,2026-09-09 06:03:00,coolant_pressure,5.44,bar
SR-001190,M-101,2026-09-09 14:01:00,coolant_pressure,5.19,bar
SR-001191,M-101,2026-09-09 22:02:00,coolant_pressure,5.5,bar
SR-001192,M-102,2026-09-09 06:01:00,vibration,2.77,mm/s
SR-001193,M-102,2026-09-09 14:00:00,vibration,2.99,mm/s
SR-001194,M-102,2026-09-09 22:00:00,vibration,2.15,mm/s
SR-001195,M-102,2026-09-09 06:00:00,bearing_temp,46.14,°C
SR-001196,M-102,2026-09-09 14:01:00,bearing_temp,42.09,°C
SR-001197,M-102,2026-09-09 22:00:00,bearing_temp,45.38,°C
SR-001198,M-102,2026-09-09 06:03:00,spindle_speed,8088.75,RPM
SR-001199,M-102,2026-09-09 14:00:00,spindle_speed,7745.25,RPM
SR-001200,M-102,2026-09-09 22:01:00,spindle_speed,7820.28,RPM
SR-001201,M-102,2026-09-09 06:01:00,power_consumption,17.91,kW
SR-001202,M-102,2026-09-09 14:04:00,power_consumption,16.48,kW
SR-001203,M-102,2026-09-09 22:00:00,power_consumption,18.61,kW
SR-001204,M-102,2026-09-09 06:01:00,coolant_pressure,6.09,bar
SR-001205,M-102,2026-09-09 14:05:00,coolant_pressure,5.25,bar
SR-001206,M-102,2026-09-09 22:04:00,coolant_pressure,5.49,bar
SR-001207,M-201,2026-09-09 06:05:00,vibration,2.72,mm/s
SR-001208,M-201,2026-09-09 14:02:00,vibration,3.61,mm/s
SR-001209,M-201,2026-09-09 22:05:00,vibration,3.08,mm/s
SR-001210,M-201,2026-09-09 06:04:00,bearing_temp,58.15,°C
SR-001211,M-201,2026-09-09 14:00:00,bearing_temp,50.61,°C
SR-001212,M-201,2026-09-09 22:04:00,bearing_temp,53.33,°C
SR-001213,M-201,2026-09-09 06:01:00,power_consumption,50.85,kW
SR-001214,M-201,2026-09-09 14:05:00,power_consumption,43.04,kW
SR-001215,M-201,2026-09-09 22:00:00,power_consumption,43.35,kW
SR-001216,M-201,2026-09-09 06:02:00,coolant_pressure,174.26,bar
SR-001217,M-201,2026-09-09 14:04:00,coolant_pressure,186.96,bar
SR-001218,M-201,2026-09-09 22:02:00,coolant_pressure,177.32,bar
SR-001219,M-202,2026-09-09 06:02:00,vibration,2.83,mm/s
SR-001220,M-202,2026-09-09 14:03:00,vibration,2.52,mm/s
SR-001221,M-202,2026-09-09 22:01:00,vibration,3.25,mm/s
SR-001222,M-202,2026-09-09 06:01:00,bearing_temp,54.55,°C
SR-001223,M-202,2026-09-09 14:03:00,bearing_temp,48.03,°C
SR-001224,M-202,2026-09-09 22:00:00,bearing_temp,55.96,°C
SR-001225,M-202,2026-09-09 06:04:00,power_consumption,37.73,kW
SR-001226,M-202,2026-09-09 14:04:00,power_consumption,42.0,kW
SR-001227,M-202,2026-09-09 22:01:00,power_consumption,46.49,kW
SR-001228,M-202,2026-09-09 06:02:00,coolant_pressure,182.78,bar
SR-001229,M-202,2026-09-09 14:02:00,coolant_pressure,173.17,bar
SR-001230,M-202,2026-09-09 22:00:00,coolant_pressure,171.0,bar
SR-001231,M-301,2026-09-09 06:00:00,vibration,1.67,mm/s
SR-001232,M-301,2026-09-09 14:02:00,vibration,2.23,mm/s
SR-001233,M-301,2026-09-09 22:00:00,vibration,2.01,mm/s
SR-001234,M-301,2026-09-09 06:00:00,bearing_temp,47.85,°C
SR-001235,M-301,2026-09-09 14:05:00,bearing_temp,46.92,°C
SR-001236,M-301,2026-09-09 22:05:00,bearing_temp,49.7,°C
SR-001237,M-301,2026-09-09 06:02:00,spindle_speed,7786.93,RPM
SR-001238,M-301,2026-09-09 14:02:00,spindle_speed,7917.41,RPM
SR-001239,M-301,2026-09-09 22:01:00,spindle_speed,8033.89,RPM
SR-001240,M-301,2026-09-09 06:05:00,power_consumption,17.93,kW
SR-001241,M-301,2026-09-09 14:03:00,power_consumption,22.37,kW
SR-001242,M-301,2026-09-09 22:01:00,power_consumption,21.97,kW
SR-001243,M-301,2026-09-09 06:03:00,coolant_pressure,5.34,bar
SR-001244,M-301,2026-09-09 14:01:00,coolant_pressure,5.06,bar
SR-001245,M-301,2026-09-09 22:03:00,coolant_pressure,5.01,bar
SR-001246,M-302,2026-09-09 06:03:00,vibration,2.38,mm/s
SR-001247,M-302,2026-09-09 14:02:00,vibration,2.23,mm/s
SR-001248,M-302,2026-09-09 22:02:00,vibration,2.52,mm/s
SR-001249,M-302,2026-09-09 06:00:00,bearing_temp,42.92,°C
SR-001250,M-302,2026-09-09 14:05:00,bearing_temp,46.15,°C
SR-001251,M-302,2026-09-09 22:01:00,bearing_temp,40.79,°C
SR-001252,M-302,2026-09-09 06:02:00,spindle_speed,8072.92,RPM
SR-001253,M-302,2026-09-09 14:01:00,spindle_speed,7976.44,RPM
SR-001254,M-302,2026-09-09 22:05:00,spindle_speed,8056.46,RPM
SR-001255,M-302,2026-09-09 06:04:00,power_consumption,18.71,kW
SR-001256,M-302,2026-09-09 14:04:00,power_consumption,18.93,kW
SR-001257,M-302,2026-09-09 22:01:00,power_consumption,17.76,kW
SR-001258,M-302,2026-09-09 06:02:00,coolant_pressure,5.25,bar
SR-001259,M-302,2026-09-09 14:01:00,coolant_pressure,5.55,bar
SR-001260,M-302,2026-09-09 22:03:00,coolant_pressure,5.89,bar
SR-001261,M-303,2026-09-09 06:02:00,vibration,1.49,mm/s
SR-001262,M-303,2026-09-09 14:02:00,vibration,2.1,mm/s
SR-001263,M-303,2026-09-09 22:05:00,vibration,2.44,mm/s
SR-001264,M-303,2026-09-09 06:05:00,bearing_temp,41.54,°C
SR-001265,M-303,2026-09-09 14:05:00,bearing_temp,44.78,°C
SR-001266,M-303,2026-09-09 22:02:00,bearing_temp,41.67,°C
SR-001267,M-303,2026-09-09 06:03:00,spindle_speed,8155.09,RPM
SR-001268,M-303,2026-09-09 14:01:00,spindle_speed,8279.06,RPM
SR-001269,M-303,2026-09-09 22:05:00,spindle_speed,8216.68,RPM
SR-001270,M-303,2026-09-09 06:00:00,power_consumption,17.06,kW
SR-001271,M-303,2026-09-09 14:00:00,power_consumption,15.17,kW
SR-001272,M-303,2026-09-09 22:05:00,power_consumption,17.57,kW
SR-001273,M-303,2026-09-09 06:01:00,coolant_pressure,5.53,bar
SR-001274,M-303,2026-09-09 14:05:00,coolant_pressure,5.51,bar
SR-001275,M-303,2026-09-09 22:00:00,coolant_pressure,5.55,bar
SR-001276,M-401,2026-09-09 06:01:00,vibration,1.03,mm/s
SR-001277,M-401,2026-09-09 14:04:00,vibration,0.66,mm/s
SR-001278,M-401,2026-09-09 22:05:00,vibration,0.79,mm/s
SR-001279,M-401,2026-09-09 06:03:00,bearing_temp,33.62,°C
SR-001280,M-401,2026-09-09 14:05:00,bearing_temp,32.6,°C
SR-001281,M-401,2026-09-09 22:04:00,bearing_temp,34.77,°C
SR-001282,M-401,2026-09-09 06:03:00,power_consumption,5.0,kW
SR-001283,M-401,2026-09-09 14:02:00,power_consumption,5.61,kW
SR-001284,M-401,2026-09-09 22:04:00,power_consumption,5.05,kW
SR-001285,M-402,2026-09-09 06:05:00,vibration,0.83,mm/s
SR-001286,M-402,2026-09-09 14:05:00,vibration,0.8,mm/s
SR-001287,M-402,2026-09-09 22:01:00,vibration,0.48,mm/s
SR-001288,M-402,2026-09-09 06:00:00,bearing_temp,37.0,°C
SR-001289,M-402,2026-09-09 14:01:00,bearing_temp,37.12,°C
SR-001290,M-402,2026-09-09 22:01:00,bearing_temp,33.8,°C
SR-001291,M-402,2026-09-09 06:02:00,power_consumption,4.72,kW
SR-001292,M-402,2026-09-09 14:02:00,power_consumption,4.74,kW
SR-001293,M-402,2026-09-09 22:03:00,power_consumption,5.06,kW
SR-001294,M-501,2026-09-09 06:03:00,vibration,2.05,mm/s
SR-001295,M-501,2026-09-09 14:01:00,vibration,1.12,mm/s
SR-001296,M-501,2026-09-09 22:02:00,vibration,1.73,mm/s
SR-001297,M-501,2026-09-09 06:05:00,bearing_temp,40.85,°C
SR-001298,M-501,2026-09-09 14:05:00,bearing_temp,38.12,°C
SR-001299,M-501,2026-09-09 22:03:00,bearing_temp,43.07,°C
SR-001300,M-501,2026-09-09 06:03:00,spindle_speed,3927.02,RPM
SR-001301,M-501,2026-09-09 14:00:00,spindle_speed,3946.97,RPM
SR-001302,M-501,2026-09-09 22:05:00,spindle_speed,3981.77,RPM
SR-001303,M-501,2026-09-09 06:03:00,power_consumption,15.74,kW
SR-001304,M-501,2026-09-09 14:05:00,power_consumption,16.37,kW
SR-001305,M-501,2026-09-09 22:00:00,power_consumption,15.37,kW
SR-001306,M-501,2026-09-09 06:04:00,coolant_pressure,4.65,bar
SR-001307,M-501,2026-09-09 14:05:00,coolant_pressure,5.17,bar
SR-001308,M-501,2026-09-09 22:04:00,coolant_pressure,4.9,bar
SR-001309,M-502,2026-09-09 06:00:00,vibration,2.09,mm/s
SR-001310,M-502,2026-09-09 14:05:00,vibration,2.22,mm/s
SR-001311,M-502,2026-09-09 22:04:00,vibration,2.87,mm/s
SR-001312,M-502,2026-09-09 06:05:00,bearing_temp,40.59,°C
SR-001313,M-502,2026-09-09 14:02:00,bearing_temp,48.62,°C
SR-001314,M-502,2026-09-09 22:00:00,bearing_temp,44.18,°C
SR-001315,M-502,2026-09-09 06:05:00,spindle_speed,4193.68,RPM
SR-001316,M-502,2026-09-09 14:03:00,spindle_speed,3952.17,RPM
SR-001317,M-502,2026-09-09 22:04:00,spindle_speed,4114.08,RPM
SR-001318,M-502,2026-09-09 06:01:00,power_consumption,14.56,kW
SR-001319,M-502,2026-09-09 14:05:00,power_consumption,12.87,kW
SR-001320,M-502,2026-09-09 22:04:00,power_consumption,14.05,kW
SR-001321,M-502,2026-09-09 06:01:00,coolant_pressure,4.79,bar
SR-001322,M-502,2026-09-09 14:05:00,coolant_pressure,5.37,bar
SR-001323,M-502,2026-09-09 22:02:00,coolant_pressure,4.95,bar
SR-001324,M-101,2026-09-10 06:00:00,vibration,1.93,mm/s
SR-001325,M-101,2026-09-10 14:00:00,vibration,2.64,mm/s
SR-001326,M-101,2026-09-10 22:02:00,vibration,2.57,mm/s
SR-001327,M-101,2026-09-10 06:04:00,bearing_temp,41.73,°C
SR-001328,M-101,2026-09-10 14:03:00,bearing_temp,42.46,°C
SR-001329,M-101,2026-09-10 22:05:00,bearing_temp,47.62,°C
SR-001330,M-101,2026-09-10 06:02:00,spindle_speed,7965.5,RPM
SR-001331,M-101,2026-09-10 14:01:00,spindle_speed,8045.8,RPM
SR-001332,M-101,2026-09-10 22:02:00,spindle_speed,7785.97,RPM
SR-001333,M-101,2026-09-10 06:01:00,power_consumption,16.62,kW
SR-001334,M-101,2026-09-10 14:05:00,power_consumption,17.52,kW
SR-001335,M-101,2026-09-10 22:04:00,power_consumption,16.74,kW
SR-001336,M-101,2026-09-10 06:02:00,coolant_pressure,5.35,bar
SR-001337,M-101,2026-09-10 14:00:00,coolant_pressure,5.64,bar
SR-001338,M-101,2026-09-10 22:02:00,coolant_pressure,5.05,bar
SR-001339,M-102,2026-09-10 06:05:00,vibration,2.76,mm/s
SR-001340,M-102,2026-09-10 14:01:00,vibration,2.92,mm/s
SR-001341,M-102,2026-09-10 22:00:00,vibration,2.38,mm/s
SR-001342,M-102,2026-09-10 06:00:00,bearing_temp,42.39,°C
SR-001343,M-102,2026-09-10 14:02:00,bearing_temp,47.57,°C
SR-001344,M-102,2026-09-10 22:02:00,bearing_temp,45.08,°C
SR-001345,M-102,2026-09-10 06:03:00,spindle_speed,8068.45,RPM
SR-001346,M-102,2026-09-10 14:03:00,spindle_speed,8051.21,RPM
SR-001347,M-102,2026-09-10 22:00:00,spindle_speed,7775.48,RPM
SR-001348,M-102,2026-09-10 06:00:00,power_consumption,17.37,kW
SR-001349,M-102,2026-09-10 14:04:00,power_consumption,19.61,kW
SR-001350,M-102,2026-09-10 22:04:00,power_consumption,19.02,kW
SR-001351,M-102,2026-09-10 06:00:00,coolant_pressure,5.63,bar
SR-001352,M-102,2026-09-10 14:02:00,coolant_pressure,4.92,bar
SR-001353,M-102,2026-09-10 22:05:00,coolant_pressure,5.05,bar
SR-001354,M-201,2026-09-10 06:04:00,vibration,3.45,mm/s
SR-001355,M-201,2026-09-10 14:04:00,vibration,4.14,mm/s
SR-001356,M-201,2026-09-10 22:04:00,vibration,2.22,mm/s
SR-001357,M-201,2026-09-10 06:01:00,bearing_temp,51.9,°C
SR-001358,M-201,2026-09-10 14:02:00,bearing_temp,53.43,°C
SR-001359,M-201,2026-09-10 22:00:00,bearing_temp,48.53,°C
SR-001360,M-201,2026-09-10 06:01:00,power_consumption,48.32,kW
SR-001361,M-201,2026-09-10 14:03:00,power_consumption,42.12,kW
SR-001362,M-201,2026-09-10 22:00:00,power_consumption,46.25,kW
SR-001363,M-201,2026-09-10 06:05:00,coolant_pressure,172.28,bar
SR-001364,M-201,2026-09-10 14:05:00,coolant_pressure,189.2,bar
SR-001365,M-201,2026-09-10 22:03:00,coolant_pressure,173.08,bar
SR-001366,M-202,2026-09-10 06:00:00,vibration,3.02,mm/s
SR-001367,M-202,2026-09-10 14:03:00,vibration,3.04,mm/s
SR-001368,M-202,2026-09-10 22:02:00,vibration,3.04,mm/s
SR-001369,M-202,2026-09-10 06:02:00,bearing_temp,52.13,°C
SR-001370,M-202,2026-09-10 14:03:00,bearing_temp,46.72,°C
SR-001371,M-202,2026-09-10 22:05:00,bearing_temp,46.27,°C
SR-001372,M-202,2026-09-10 06:04:00,power_consumption,49.75,kW
SR-001373,M-202,2026-09-10 14:05:00,power_consumption,46.73,kW
SR-001374,M-202,2026-09-10 22:01:00,power_consumption,46.99,kW
SR-001375,M-202,2026-09-10 06:03:00,coolant_pressure,176.9,bar
SR-001376,M-202,2026-09-10 14:02:00,coolant_pressure,180.41,bar
SR-001377,M-202,2026-09-10 22:03:00,coolant_pressure,178.02,bar
SR-001378,M-301,2026-09-10 06:04:00,vibration,3.0,mm/s
SR-001379,M-301,2026-09-10 14:02:00,vibration,2.47,mm/s
SR-001380,M-301,2026-09-10 22:03:00,vibration,2.05,mm/s
SR-001381,M-301,2026-09-10 06:01:00,bearing_temp,40.4,°C
SR-001382,M-301,2026-09-10 14:04:00,bearing_temp,50.22,°C
SR-001383,M-301,2026-09-10 22:04:00,bearing_temp,46.89,°C
SR-001384,M-301,2026-09-10 06:00:00,spindle_speed,7997.84,RPM
SR-001385,M-301,2026-09-10 14:05:00,spindle_speed,8212.93,RPM
SR-001386,M-301,2026-09-10 22:01:00,spindle_speed,7935.23,RPM
SR-001387,M-301,2026-09-10 06:05:00,power_consumption,16.85,kW
SR-001388,M-301,2026-09-10 14:00:00,power_consumption,18.47,kW
SR-001389,M-301,2026-09-10 22:03:00,power_consumption,19.12,kW
SR-001390,M-301,2026-09-10 06:05:00,coolant_pressure,5.01,bar
SR-001391,M-301,2026-09-10 14:01:00,coolant_pressure,5.08,bar
SR-001392,M-301,2026-09-10 22:02:00,coolant_pressure,5.5,bar
SR-001393,M-302,2026-09-10 06:03:00,vibration,2.46,mm/s
SR-001394,M-302,2026-09-10 14:00:00,vibration,2.27,mm/s
SR-001395,M-302,2026-09-10 22:04:00,vibration,2.29,mm/s
SR-001396,M-302,2026-09-10 06:03:00,bearing_temp,49.13,°C
SR-001397,M-302,2026-09-10 14:05:00,bearing_temp,41.21,°C
SR-001398,M-302,2026-09-10 22:03:00,bearing_temp,46.4,°C
SR-001399,M-302,2026-09-10 06:02:00,spindle_speed,7659.48,RPM
SR-001400,M-302,2026-09-10 14:05:00,spindle_speed,7904.21,RPM
SR-001401,M-302,2026-09-10 22:05:00,spindle_speed,8196.57,RPM
SR-001402,M-302,2026-09-10 06:00:00,power_consumption,16.86,kW
SR-001403,M-302,2026-09-10 14:05:00,power_consumption,18.88,kW
SR-001404,M-302,2026-09-10 22:02:00,power_consumption,18.72,kW
SR-001405,M-302,2026-09-10 06:04:00,coolant_pressure,5.71,bar
SR-001406,M-302,2026-09-10 14:05:00,coolant_pressure,5.86,bar
SR-001407,M-302,2026-09-10 22:02:00,coolant_pressure,5.37,bar
SR-001408,M-303,2026-09-10 06:03:00,vibration,2.04,mm/s
SR-001409,M-303,2026-09-10 14:01:00,vibration,2.54,mm/s
SR-001410,M-303,2026-09-10 22:04:00,vibration,2.51,mm/s
SR-001411,M-303,2026-09-10 06:05:00,bearing_temp,44.92,°C
SR-001412,M-303,2026-09-10 14:04:00,bearing_temp,41.17,°C
SR-001413,M-303,2026-09-10 22:03:00,bearing_temp,45.53,°C
SR-001414,M-303,2026-09-10 06:05:00,spindle_speed,8190.42,RPM
SR-001415,M-303,2026-09-10 14:02:00,spindle_speed,7799.93,RPM
SR-001416,M-303,2026-09-10 22:00:00,spindle_speed,7875.51,RPM
SR-001417,M-303,2026-09-10 06:00:00,power_consumption,16.75,kW
SR-001418,M-303,2026-09-10 14:00:00,power_consumption,18.14,kW
SR-001419,M-303,2026-09-10 22:02:00,power_consumption,19.19,kW
SR-001420,M-303,2026-09-10 06:02:00,coolant_pressure,5.08,bar
SR-001421,M-303,2026-09-10 14:04:00,coolant_pressure,5.21,bar
SR-001422,M-303,2026-09-10 22:03:00,coolant_pressure,5.94,bar
SR-001423,M-401,2026-09-10 06:05:00,vibration,0.76,mm/s
SR-001424,M-401,2026-09-10 14:05:00,vibration,0.86,mm/s
SR-001425,M-401,2026-09-10 22:00:00,vibration,0.75,mm/s
SR-001426,M-401,2026-09-10 06:05:00,bearing_temp,35.22,°C
SR-001427,M-401,2026-09-10 14:05:00,bearing_temp,37.92,°C
SR-001428,M-401,2026-09-10 22:00:00,bearing_temp,37.57,°C
SR-001429,M-401,2026-09-10 06:05:00,power_consumption,4.87,kW
SR-001430,M-401,2026-09-10 14:01:00,power_consumption,4.73,kW
SR-001431,M-401,2026-09-10 22:02:00,power_consumption,4.37,kW
SR-001432,M-402,2026-09-10 06:04:00,vibration,0.78,mm/s
SR-001433,M-402,2026-09-10 14:03:00,vibration,0.65,mm/s
SR-001434,M-402,2026-09-10 22:05:00,vibration,0.87,mm/s
SR-001435,M-402,2026-09-10 06:03:00,bearing_temp,36.15,°C
SR-001436,M-402,2026-09-10 14:03:00,bearing_temp,37.62,°C
SR-001437,M-402,2026-09-10 22:01:00,bearing_temp,37.71,°C
SR-001438,M-402,2026-09-10 06:03:00,power_consumption,5.13,kW
SR-001439,M-402,2026-09-10 14:05:00,power_consumption,4.58,kW
SR-001440,M-402,2026-09-10 22:01:00,power_consumption,4.73,kW
SR-001441,M-501,2026-09-10 06:00:00,vibration,2.38,mm/s
SR-001442,M-501,2026-09-10 14:04:00,vibration,2.82,mm/s
SR-001443,M-501,2026-09-10 22:01:00,vibration,2.83,mm/s
SR-001444,M-501,2026-09-10 06:02:00,bearing_temp,46.33,°C
SR-001445,M-501,2026-09-10 14:02:00,bearing_temp,41.6,°C
SR-001446,M-501,2026-09-10 22:05:00,bearing_temp,45.7,°C
SR-001447,M-501,2026-09-10 06:05:00,spindle_speed,4131.39,RPM
SR-001448,M-501,2026-09-10 14:02:00,spindle_speed,3846.43,RPM
SR-001449,M-501,2026-09-10 22:04:00,spindle_speed,3813.98,RPM
SR-001450,M-501,2026-09-10 06:00:00,power_consumption,13.96,kW
SR-001451,M-501,2026-09-10 14:04:00,power_consumption,13.53,kW
SR-001452,M-501,2026-09-10 22:01:00,power_consumption,17.08,kW
SR-001453,M-501,2026-09-10 06:02:00,coolant_pressure,5.17,bar
SR-001454,M-501,2026-09-10 14:04:00,coolant_pressure,4.6,bar
SR-001455,M-501,2026-09-10 22:02:00,coolant_pressure,4.65,bar
SR-001456,M-502,2026-09-10 06:00:00,vibration,1.92,mm/s
SR-001457,M-502,2026-09-10 14:02:00,vibration,2.21,mm/s
SR-001458,M-502,2026-09-10 22:05:00,vibration,2.37,mm/s
SR-001459,M-502,2026-09-10 06:04:00,bearing_temp,44.56,°C
SR-001460,M-502,2026-09-10 14:01:00,bearing_temp,44.92,°C
SR-001461,M-502,2026-09-10 22:03:00,bearing_temp,40.66,°C
SR-001462,M-502,2026-09-10 06:05:00,spindle_speed,3928.75,RPM
SR-001463,M-502,2026-09-10 14:01:00,spindle_speed,3672.8,RPM
SR-001464,M-502,2026-09-10 22:04:00,spindle_speed,3921.71,RPM
SR-001465,M-502,2026-09-10 06:01:00,power_consumption,15.49,kW
SR-001466,M-502,2026-09-10 14:02:00,power_consumption,15.86,kW
SR-001467,M-502,2026-09-10 22:02:00,power_consumption,15.91,kW
SR-001468,M-502,2026-09-10 06:00:00,coolant_pressure,4.71,bar
SR-001469,M-502,2026-09-10 14:03:00,coolant_pressure,4.84,bar
SR-001470,M-502,2026-09-10 22:04:00,coolant_pressure,5.02,bar
SR-001471,M-101,2026-09-11 06:05:00,vibration,1.93,mm/s
SR-001472,M-101,2026-09-11 14:03:00,vibration,2.38,mm/s
SR-001473,M-101,2026-09-11 22:03:00,vibration,1.74,mm/s
SR-001474,M-101,2026-09-11 06:01:00,bearing_temp,47.9,°C
SR-001475,M-101,2026-09-11 14:01:00,bearing_temp,45.65,°C
SR-001476,M-101,2026-09-11 22:02:00,bearing_temp,45.37,°C
SR-001477,M-101,2026-09-11 06:02:00,spindle_speed,8139.74,RPM
SR-001478,M-101,2026-09-11 14:01:00,spindle_speed,8029.12,RPM
SR-001479,M-101,2026-09-11 22:03:00,spindle_speed,8049.58,RPM
SR-001480,M-101,2026-09-11 06:04:00,power_consumption,16.1,kW
SR-001481,M-101,2026-09-11 14:02:00,power_consumption,16.05,kW
SR-001482,M-101,2026-09-11 22:04:00,power_consumption,17.87,kW
SR-001483,M-101,2026-09-11 06:00:00,coolant_pressure,5.63,bar
SR-001484,M-101,2026-09-11 14:05:00,coolant_pressure,5.24,bar
SR-001485,M-101,2026-09-11 22:03:00,coolant_pressure,5.3,bar
SR-001486,M-102,2026-09-11 06:00:00,vibration,2.5,mm/s
SR-001487,M-102,2026-09-11 14:01:00,vibration,2.35,mm/s
SR-001488,M-102,2026-09-11 22:02:00,vibration,1.82,mm/s
SR-001489,M-102,2026-09-11 06:02:00,bearing_temp,45.54,°C
SR-001490,M-102,2026-09-11 14:02:00,bearing_temp,44.46,°C
SR-001491,M-102,2026-09-11 22:00:00,bearing_temp,45.83,°C
SR-001492,M-102,2026-09-11 06:01:00,spindle_speed,7935.02,RPM
SR-001493,M-102,2026-09-11 14:05:00,spindle_speed,8081.6,RPM
SR-001494,M-102,2026-09-11 22:02:00,spindle_speed,8316.82,RPM
SR-001495,M-102,2026-09-11 06:03:00,power_consumption,19.32,kW
SR-001496,M-102,2026-09-11 14:01:00,power_consumption,16.42,kW
SR-001497,M-102,2026-09-11 22:01:00,power_consumption,16.04,kW
SR-001498,M-102,2026-09-11 06:00:00,coolant_pressure,5.15,bar
SR-001499,M-102,2026-09-11 14:04:00,coolant_pressure,5.17,bar
SR-001500,M-102,2026-09-11 22:04:00,coolant_pressure,5.34,bar
SR-001501,M-201,2026-09-11 06:02:00,vibration,3.68,mm/s
SR-001502,M-201,2026-09-11 14:02:00,vibration,4.21,mm/s
SR-001503,M-201,2026-09-11 22:04:00,vibration,1.89,mm/s
SR-001504,M-201,2026-09-11 06:05:00,bearing_temp,45.64,°C
SR-001505,M-201,2026-09-11 14:03:00,bearing_temp,50.86,°C
SR-001506,M-201,2026-09-11 22:00:00,bearing_temp,48.02,°C
SR-001507,M-201,2026-09-11 06:01:00,power_consumption,51.02,kW
SR-001508,M-201,2026-09-11 14:05:00,power_consumption,44.72,kW
SR-001509,M-201,2026-09-11 22:05:00,power_consumption,46.52,kW
SR-001510,M-201,2026-09-11 06:02:00,coolant_pressure,177.17,bar
SR-001511,M-201,2026-09-11 14:05:00,coolant_pressure,184.01,bar
SR-001512,M-201,2026-09-11 22:03:00,coolant_pressure,172.54,bar
SR-001513,M-202,2026-09-11 06:02:00,vibration,2.35,mm/s
SR-001514,M-202,2026-09-11 14:05:00,vibration,3.04,mm/s
SR-001515,M-202,2026-09-11 22:05:00,vibration,2.53,mm/s
SR-001516,M-202,2026-09-11 06:00:00,bearing_temp,52.25,°C
SR-001517,M-202,2026-09-11 14:05:00,bearing_temp,44.54,°C
SR-001518,M-202,2026-09-11 22:02:00,bearing_temp,53.82,°C
SR-001519,M-202,2026-09-11 06:04:00,power_consumption,41.67,kW
SR-001520,M-202,2026-09-11 14:00:00,power_consumption,45.97,kW
SR-001521,M-202,2026-09-11 22:00:00,power_consumption,48.95,kW
SR-001522,M-202,2026-09-11 06:05:00,coolant_pressure,172.89,bar
SR-001523,M-202,2026-09-11 14:05:00,coolant_pressure,186.99,bar
SR-001524,M-202,2026-09-11 22:02:00,coolant_pressure,178.76,bar
SR-001525,M-301,2026-09-11 06:03:00,vibration,2.82,mm/s
SR-001526,M-301,2026-09-11 14:01:00,vibration,1.82,mm/s
SR-001527,M-301,2026-09-11 22:03:00,vibration,3.13,mm/s
SR-001528,M-301,2026-09-11 06:02:00,bearing_temp,43.89,°C
SR-001529,M-301,2026-09-11 14:04:00,bearing_temp,43.92,°C
SR-001530,M-301,2026-09-11 22:04:00,bearing_temp,47.2,°C
SR-001531,M-301,2026-09-11 06:02:00,spindle_speed,8266.76,RPM
SR-001532,M-301,2026-09-11 14:05:00,spindle_speed,8286.2,RPM
SR-001533,M-301,2026-09-11 22:05:00,spindle_speed,8004.72,RPM
SR-001534,M-301,2026-09-11 06:03:00,power_consumption,17.54,kW
SR-001535,M-301,2026-09-11 14:01:00,power_consumption,21.44,kW
SR-001536,M-301,2026-09-11 22:03:00,power_consumption,18.35,kW
SR-001537,M-301,2026-09-11 06:03:00,coolant_pressure,4.6,bar
SR-001538,M-301,2026-09-11 14:01:00,coolant_pressure,5.75,bar
SR-001539,M-301,2026-09-11 22:05:00,coolant_pressure,6.16,bar
SR-001540,M-302,2026-09-11 06:02:00,vibration,2.98,mm/s
SR-001541,M-302,2026-09-11 14:02:00,vibration,3.5,mm/s
SR-001542,M-302,2026-09-11 22:00:00,vibration,3.78,mm/s
SR-001543,M-302,2026-09-11 06:02:00,bearing_temp,48.0,°C
SR-001544,M-302,2026-09-11 14:05:00,bearing_temp,47.41,°C
SR-001545,M-302,2026-09-11 22:03:00,bearing_temp,50.77,°C
SR-001546,M-302,2026-09-11 06:05:00,spindle_speed,7931.62,RPM
SR-001547,M-302,2026-09-11 14:01:00,spindle_speed,7894.02,RPM
SR-001548,M-302,2026-09-11 22:03:00,spindle_speed,8291.44,RPM
SR-001549,M-302,2026-09-11 06:00:00,power_consumption,16.69,kW
SR-001550,M-302,2026-09-11 14:01:00,power_consumption,16.06,kW
SR-001551,M-302,2026-09-11 22:01:00,power_consumption,17.21,kW
SR-001552,M-302,2026-09-11 06:04:00,coolant_pressure,5.52,bar
SR-001553,M-302,2026-09-11 14:05:00,coolant_pressure,5.48,bar
SR-001554,M-302,2026-09-11 22:02:00,coolant_pressure,5.46,bar
SR-001555,M-303,2026-09-11 06:03:00,vibration,2.89,mm/s
SR-001556,M-303,2026-09-11 14:05:00,vibration,1.31,mm/s
SR-001557,M-303,2026-09-11 22:03:00,vibration,2.5,mm/s
SR-001558,M-303,2026-09-11 06:00:00,bearing_temp,45.85,°C
SR-001559,M-303,2026-09-11 14:02:00,bearing_temp,44.83,°C
SR-001560,M-303,2026-09-11 22:02:00,bearing_temp,43.62,°C
SR-001561,M-303,2026-09-11 06:01:00,spindle_speed,8079.64,RPM
SR-001562,M-303,2026-09-11 14:05:00,spindle_speed,7926.14,RPM
SR-001563,M-303,2026-09-11 22:04:00,spindle_speed,8110.94,RPM
SR-001564,M-303,2026-09-11 06:04:00,power_consumption,17.96,kW
SR-001565,M-303,2026-09-11 14:03:00,power_consumption,20.17,kW
SR-001566,M-303,2026-09-11 22:02:00,power_consumption,18.12,kW
SR-001567,M-303,2026-09-11 06:01:00,coolant_pressure,5.43,bar
SR-001568,M-303,2026-09-11 14:03:00,coolant_pressure,5.08,bar
SR-001569,M-303,2026-09-11 22:01:00,coolant_pressure,5.26,bar
SR-001570,M-401,2026-09-11 06:00:00,vibration,0.69,mm/s
SR-001571,M-401,2026-09-11 14:00:00,vibration,0.87,mm/s
SR-001572,M-401,2026-09-11 22:04:00,vibration,0.75,mm/s
SR-001573,M-401,2026-09-11 06:03:00,bearing_temp,34.77,°C
SR-001574,M-401,2026-09-11 14:02:00,bearing_temp,33.15,°C
SR-001575,M-401,2026-09-11 22:05:00,bearing_temp,35.39,°C
SR-001576,M-401,2026-09-11 06:00:00,power_consumption,4.64,kW
SR-001577,M-401,2026-09-11 14:05:00,power_consumption,5.01,kW
SR-001578,M-401,2026-09-11 22:04:00,power_consumption,5.68,kW
SR-001579,M-402,2026-09-11 06:00:00,vibration,0.72,mm/s
SR-001580,M-402,2026-09-11 14:05:00,vibration,1.15,mm/s
SR-001581,M-402,2026-09-11 22:04:00,vibration,0.87,mm/s
SR-001582,M-402,2026-09-11 06:04:00,bearing_temp,34.05,°C
SR-001583,M-402,2026-09-11 14:05:00,bearing_temp,35.75,°C
SR-001584,M-402,2026-09-11 22:00:00,bearing_temp,36.85,°C
SR-001585,M-402,2026-09-11 06:01:00,power_consumption,5.19,kW
SR-001586,M-402,2026-09-11 14:03:00,power_consumption,4.13,kW
SR-001587,M-402,2026-09-11 22:05:00,power_consumption,4.72,kW
SR-001588,M-501,2026-09-11 06:04:00,vibration,2.39,mm/s
SR-001589,M-501,2026-09-11 14:00:00,vibration,2.93,mm/s
SR-001590,M-501,2026-09-11 22:02:00,vibration,2.55,mm/s
SR-001591,M-501,2026-09-11 06:04:00,bearing_temp,44.34,°C
SR-001592,M-501,2026-09-11 14:03:00,bearing_temp,42.41,°C
SR-001593,M-501,2026-09-11 22:03:00,bearing_temp,40.24,°C
SR-001594,M-501,2026-09-11 06:00:00,spindle_speed,4187.17,RPM
SR-001595,M-501,2026-09-11 14:02:00,spindle_speed,4061.36,RPM
SR-001596,M-501,2026-09-11 22:01:00,spindle_speed,4006.46,RPM
SR-001597,M-501,2026-09-11 06:03:00,power_consumption,15.45,kW
SR-001598,M-501,2026-09-11 14:04:00,power_consumption,15.12,kW
SR-001599,M-501,2026-09-11 22:03:00,power_consumption,14.53,kW
SR-001600,M-501,2026-09-11 06:03:00,coolant_pressure,5.42,bar
SR-001601,M-501,2026-09-11 14:04:00,coolant_pressure,4.97,bar
SR-001602,M-501,2026-09-11 22:04:00,coolant_pressure,4.89,bar
SR-001603,M-502,2026-09-11 06:02:00,vibration,1.99,mm/s
SR-001604,M-502,2026-09-11 14:00:00,vibration,2.01,mm/s
SR-001605,M-502,2026-09-11 22:01:00,vibration,1.96,mm/s
SR-001606,M-502,2026-09-11 06:04:00,bearing_temp,42.88,°C
SR-001607,M-502,2026-09-11 14:05:00,bearing_temp,41.46,°C
SR-001608,M-502,2026-09-11 22:05:00,bearing_temp,45.94,°C
SR-001609,M-502,2026-09-11 06:03:00,spindle_speed,3919.59,RPM
SR-001610,M-502,2026-09-11 14:05:00,spindle_speed,3898.79,RPM
SR-001611,M-502,2026-09-11 22:01:00,spindle_speed,4106.06,RPM
SR-001612,M-502,2026-09-11 06:00:00,power_consumption,14.74,kW
SR-001613,M-502,2026-09-11 14:04:00,power_consumption,15.53,kW
SR-001614,M-502,2026-09-11 22:04:00,power_consumption,14.73,kW
SR-001615,M-502,2026-09-11 06:05:00,coolant_pressure,5.35,bar
SR-001616,M-502,2026-09-11 14:05:00,coolant_pressure,5.13,bar
SR-001617,M-502,2026-09-11 22:01:00,coolant_pressure,5.02,bar
SR-001618,M-101,2026-09-12 06:05:00,vibration,2.46,mm/s
SR-001619,M-101,2026-09-12 14:02:00,vibration,2.87,mm/s
SR-001620,M-101,2026-09-12 22:04:00,vibration,2.43,mm/s
SR-001621,M-101,2026-09-12 06:02:00,bearing_temp,39.45,°C
SR-001622,M-101,2026-09-12 14:01:00,bearing_temp,44.4,°C
SR-001623,M-101,2026-09-12 22:02:00,bearing_temp,41.54,°C
SR-001624,M-101,2026-09-12 06:05:00,spindle_speed,8239.99,RPM
SR-001625,M-101,2026-09-12 14:00:00,spindle_speed,8259.76,RPM
SR-001626,M-101,2026-09-12 22:02:00,spindle_speed,7775.06,RPM
SR-001627,M-101,2026-09-12 06:00:00,power_consumption,18.42,kW
SR-001628,M-101,2026-09-12 14:02:00,power_consumption,16.88,kW
SR-001629,M-101,2026-09-12 22:00:00,power_consumption,17.54,kW
SR-001630,M-101,2026-09-12 06:03:00,coolant_pressure,5.12,bar
SR-001631,M-101,2026-09-12 14:03:00,coolant_pressure,5.23,bar
SR-001632,M-101,2026-09-12 22:04:00,coolant_pressure,5.58,bar
SR-001633,M-102,2026-09-12 06:00:00,vibration,2.52,mm/s
SR-001634,M-102,2026-09-12 14:04:00,vibration,2.6,mm/s
SR-001635,M-102,2026-09-12 22:05:00,vibration,2.31,mm/s
SR-001636,M-102,2026-09-12 06:04:00,bearing_temp,43.68,°C
SR-001637,M-102,2026-09-12 14:00:00,bearing_temp,50.93,°C
SR-001638,M-102,2026-09-12 22:01:00,bearing_temp,45.1,°C
SR-001639,M-102,2026-09-12 06:01:00,spindle_speed,8182.38,RPM
SR-001640,M-102,2026-09-12 14:01:00,spindle_speed,8054.21,RPM
SR-001641,M-102,2026-09-12 22:04:00,spindle_speed,8358.44,RPM
SR-001642,M-102,2026-09-12 06:05:00,power_consumption,16.76,kW
SR-001643,M-102,2026-09-12 14:02:00,power_consumption,17.91,kW
SR-001644,M-102,2026-09-12 22:01:00,power_consumption,16.44,kW
SR-001645,M-102,2026-09-12 06:02:00,coolant_pressure,5.09,bar
SR-001646,M-102,2026-09-12 14:00:00,coolant_pressure,5.74,bar
SR-001647,M-102,2026-09-12 22:05:00,coolant_pressure,5.36,bar
SR-001648,M-201,2026-09-12 06:00:00,vibration,2.89,mm/s
SR-001649,M-201,2026-09-12 14:00:00,vibration,3.39,mm/s
SR-001650,M-201,2026-09-12 22:03:00,vibration,3.82,mm/s
SR-001651,M-201,2026-09-12 06:02:00,bearing_temp,54.06,°C
SR-001652,M-201,2026-09-12 14:02:00,bearing_temp,51.88,°C
SR-001653,M-201,2026-09-12 22:00:00,bearing_temp,47.63,°C
SR-001654,M-201,2026-09-12 06:02:00,power_consumption,48.37,kW
SR-001655,M-201,2026-09-12 14:02:00,power_consumption,46.18,kW
SR-001656,M-201,2026-09-12 22:05:00,power_consumption,48.68,kW
SR-001657,M-201,2026-09-12 06:04:00,coolant_pressure,176.0,bar
SR-001658,M-201,2026-09-12 14:03:00,coolant_pressure,176.11,bar
SR-001659,M-201,2026-09-12 22:05:00,coolant_pressure,188.65,bar
SR-001660,M-202,2026-09-12 06:04:00,vibration,2.99,mm/s
SR-001661,M-202,2026-09-12 14:00:00,vibration,3.02,mm/s
SR-001662,M-202,2026-09-12 22:03:00,vibration,2.63,mm/s
SR-001663,M-202,2026-09-12 06:05:00,bearing_temp,54.94,°C
SR-001664,M-202,2026-09-12 14:05:00,bearing_temp,50.75,°C
SR-001665,M-202,2026-09-12 22:00:00,bearing_temp,57.04,°C
SR-001666,M-202,2026-09-12 06:05:00,power_consumption,39.86,kW
SR-001667,M-202,2026-09-12 14:02:00,power_consumption,41.5,kW
SR-001668,M-202,2026-09-12 22:00:00,power_consumption,48.44,kW
SR-001669,M-202,2026-09-12 06:03:00,coolant_pressure,183.97,bar
SR-001670,M-202,2026-09-12 14:03:00,coolant_pressure,193.72,bar
SR-001671,M-202,2026-09-12 22:01:00,coolant_pressure,193.01,bar
SR-001672,M-301,2026-09-12 06:05:00,vibration,2.14,mm/s
SR-001673,M-301,2026-09-12 14:01:00,vibration,2.38,mm/s
SR-001674,M-301,2026-09-12 22:04:00,vibration,2.52,mm/s
SR-001675,M-301,2026-09-12 06:03:00,bearing_temp,39.55,°C
SR-001676,M-301,2026-09-12 14:05:00,bearing_temp,48.31,°C
SR-001677,M-301,2026-09-12 22:01:00,bearing_temp,46.16,°C
SR-001678,M-301,2026-09-12 06:05:00,spindle_speed,8045.59,RPM
SR-001679,M-301,2026-09-12 14:04:00,spindle_speed,8033.57,RPM
SR-001680,M-301,2026-09-12 22:00:00,spindle_speed,7928.62,RPM
SR-001681,M-301,2026-09-12 06:01:00,power_consumption,14.45,kW
SR-001682,M-301,2026-09-12 14:02:00,power_consumption,19.54,kW
SR-001683,M-301,2026-09-12 22:03:00,power_consumption,17.91,kW
SR-001684,M-301,2026-09-12 06:05:00,coolant_pressure,5.76,bar
SR-001685,M-301,2026-09-12 14:03:00,coolant_pressure,5.63,bar
SR-001686,M-301,2026-09-12 22:02:00,coolant_pressure,5.27,bar
SR-001687,M-302,2026-09-12 06:01:00,vibration,3.3,mm/s
SR-001688,M-302,2026-09-12 14:04:00,vibration,4.15,mm/s
SR-001689,M-302,2026-09-12 22:03:00,vibration,3.35,mm/s
SR-001690,M-302,2026-09-12 06:03:00,bearing_temp,51.61,°C
SR-001691,M-302,2026-09-12 14:02:00,bearing_temp,50.12,°C
SR-001692,M-302,2026-09-12 22:01:00,bearing_temp,52.11,°C
SR-001693,M-302,2026-09-12 06:00:00,spindle_speed,7786.96,RPM
SR-001694,M-302,2026-09-12 14:00:00,spindle_speed,8066.39,RPM
SR-001695,M-302,2026-09-12 22:05:00,spindle_speed,8166.96,RPM
SR-001696,M-302,2026-09-12 06:05:00,power_consumption,19.91,kW
SR-001697,M-302,2026-09-12 14:02:00,power_consumption,17.17,kW
SR-001698,M-302,2026-09-12 22:01:00,power_consumption,17.37,kW
SR-001699,M-302,2026-09-12 06:02:00,coolant_pressure,5.69,bar
SR-001700,M-302,2026-09-12 14:03:00,coolant_pressure,5.62,bar
SR-001701,M-302,2026-09-12 22:02:00,coolant_pressure,5.05,bar
SR-001702,M-303,2026-09-12 06:01:00,vibration,2.35,mm/s
SR-001703,M-303,2026-09-12 14:03:00,vibration,2.8,mm/s
SR-001704,M-303,2026-09-12 22:04:00,vibration,2.48,mm/s
SR-001705,M-303,2026-09-12 06:03:00,bearing_temp,44.97,°C
SR-001706,M-303,2026-09-12 14:00:00,bearing_temp,42.73,°C
SR-001707,M-303,2026-09-12 22:00:00,bearing_temp,45.55,°C
SR-001708,M-303,2026-09-12 06:00:00,spindle_speed,7896.48,RPM
SR-001709,M-303,2026-09-12 14:01:00,spindle_speed,8275.36,RPM
SR-001710,M-303,2026-09-12 22:01:00,spindle_speed,7501.88,RPM
SR-001711,M-303,2026-09-12 06:05:00,power_consumption,18.65,kW
SR-001712,M-303,2026-09-12 14:05:00,power_consumption,16.7,kW
SR-001713,M-303,2026-09-12 22:00:00,power_consumption,19.72,kW
SR-001714,M-303,2026-09-12 06:00:00,coolant_pressure,5.7,bar
SR-001715,M-303,2026-09-12 14:05:00,coolant_pressure,5.7,bar
SR-001716,M-303,2026-09-12 22:03:00,coolant_pressure,5.5,bar
SR-001717,M-401,2026-09-12 06:02:00,vibration,0.82,mm/s
SR-001718,M-401,2026-09-12 14:00:00,vibration,0.74,mm/s
SR-001719,M-401,2026-09-12 22:01:00,vibration,0.96,mm/s
SR-001720,M-401,2026-09-12 06:04:00,bearing_temp,35.59,°C
SR-001721,M-401,2026-09-12 14:03:00,bearing_temp,32.07,°C
SR-001722,M-401,2026-09-12 22:00:00,bearing_temp,36.31,°C
SR-001723,M-401,2026-09-12 06:02:00,power_consumption,4.61,kW
SR-001724,M-401,2026-09-12 14:01:00,power_consumption,5.35,kW
SR-001725,M-401,2026-09-12 22:03:00,power_consumption,5.34,kW
SR-001726,M-402,2026-09-12 06:01:00,vibration,0.73,mm/s
SR-001727,M-402,2026-09-12 14:01:00,vibration,1.0,mm/s
SR-001728,M-402,2026-09-12 22:05:00,vibration,0.85,mm/s
SR-001729,M-402,2026-09-12 06:04:00,bearing_temp,34.42,°C
SR-001730,M-402,2026-09-12 14:03:00,bearing_temp,36.98,°C
SR-001731,M-402,2026-09-12 22:01:00,bearing_temp,36.5,°C
SR-001732,M-402,2026-09-12 06:03:00,power_consumption,5.15,kW
SR-001733,M-402,2026-09-12 14:04:00,power_consumption,5.32,kW
SR-001734,M-402,2026-09-12 22:01:00,power_consumption,5.99,kW
SR-001735,M-501,2026-09-12 06:00:00,vibration,1.73,mm/s
SR-001736,M-501,2026-09-12 14:03:00,vibration,1.69,mm/s
SR-001737,M-501,2026-09-12 22:04:00,vibration,2.27,mm/s
SR-001738,M-501,2026-09-12 06:03:00,bearing_temp,40.46,°C
SR-001739,M-501,2026-09-12 14:02:00,bearing_temp,41.02,°C
SR-001740,M-501,2026-09-12 22:03:00,bearing_temp,45.95,°C
SR-001741,M-501,2026-09-12 06:04:00,spindle_speed,3995.14,RPM
SR-001742,M-501,2026-09-12 14:01:00,spindle_speed,4037.61,RPM
SR-001743,M-501,2026-09-12 22:02:00,spindle_speed,4295.95,RPM
SR-001744,M-501,2026-09-12 06:00:00,power_consumption,15.44,kW
SR-001745,M-501,2026-09-12 14:02:00,power_consumption,15.54,kW
SR-001746,M-501,2026-09-12 22:04:00,power_consumption,13.61,kW
SR-001747,M-501,2026-09-12 06:00:00,coolant_pressure,5.74,bar
SR-001748,M-501,2026-09-12 14:01:00,coolant_pressure,5.0,bar
SR-001749,M-501,2026-09-12 22:05:00,coolant_pressure,4.88,bar
SR-001750,M-502,2026-09-12 06:00:00,vibration,1.97,mm/s
SR-001751,M-502,2026-09-12 14:04:00,vibration,2.27,mm/s
SR-001752,M-502,2026-09-12 22:03:00,vibration,1.35,mm/s
SR-001753,M-502,2026-09-12 06:01:00,bearing_temp,40.08,°C
SR-001754,M-502,2026-09-12 14:01:00,bearing_temp,46.78,°C
SR-001755,M-502,2026-09-12 22:05:00,bearing_temp,43.18,°C
SR-001756,M-502,2026-09-12 06:05:00,spindle_speed,4130.77,RPM
SR-001757,M-502,2026-09-12 14:05:00,spindle_speed,3873.23,RPM
SR-001758,M-502,2026-09-12 22:05:00,spindle_speed,4155.64,RPM
SR-001759,M-502,2026-09-12 06:01:00,power_consumption,14.07,kW
SR-001760,M-502,2026-09-12 14:04:00,power_consumption,16.25,kW
SR-001761,M-502,2026-09-12 22:03:00,power_consumption,17.17,kW
SR-001762,M-502,2026-09-12 06:04:00,coolant_pressure,4.85,bar
SR-001763,M-502,2026-09-12 14:00:00,coolant_pressure,4.89,bar
SR-001764,M-502,2026-09-12 22:00:00,coolant_pressure,5.27,bar
SR-001765,M-101,2026-09-13 06:04:00,vibration,2.43,mm/s
SR-001766,M-101,2026-09-13 14:03:00,vibration,2.68,mm/s
SR-001767,M-101,2026-09-13 22:01:00,vibration,3.29,mm/s
SR-001768,M-101,2026-09-13 06:01:00,bearing_temp,45.03,°C
SR-001769,M-101,2026-09-13 14:02:00,bearing_temp,43.99,°C
SR-001770,M-101,2026-09-13 22:00:00,bearing_temp,46.58,°C
SR-001771,M-101,2026-09-13 06:01:00,spindle_speed,8263.32,RPM
SR-001772,M-101,2026-09-13 14:00:00,spindle_speed,8036.49,RPM
SR-001773,M-101,2026-09-13 22:00:00,spindle_speed,8226.24,RPM
SR-001774,M-101,2026-09-13 06:02:00,power_consumption,15.55,kW
SR-001775,M-101,2026-09-13 14:04:00,power_consumption,17.38,kW
SR-001776,M-101,2026-09-13 22:00:00,power_consumption,15.88,kW
SR-001777,M-101,2026-09-13 06:01:00,coolant_pressure,5.36,bar
SR-001778,M-101,2026-09-13 14:05:00,coolant_pressure,5.73,bar
SR-001779,M-101,2026-09-13 22:03:00,coolant_pressure,6.0,bar
SR-001780,M-102,2026-09-13 06:05:00,vibration,2.18,mm/s
SR-001781,M-102,2026-09-13 14:04:00,vibration,2.14,mm/s
SR-001782,M-102,2026-09-13 22:05:00,vibration,2.97,mm/s
SR-001783,M-102,2026-09-13 06:02:00,bearing_temp,48.18,°C
SR-001784,M-102,2026-09-13 14:01:00,bearing_temp,42.35,°C
SR-001785,M-102,2026-09-13 22:03:00,bearing_temp,42.21,°C
SR-001786,M-102,2026-09-13 06:02:00,spindle_speed,7683.41,RPM
SR-001787,M-102,2026-09-13 14:01:00,spindle_speed,7983.23,RPM
SR-001788,M-102,2026-09-13 22:05:00,spindle_speed,7833.78,RPM
SR-001789,M-102,2026-09-13 06:04:00,power_consumption,20.33,kW
SR-001790,M-102,2026-09-13 14:03:00,power_consumption,18.03,kW
SR-001791,M-102,2026-09-13 22:04:00,power_consumption,19.52,kW
SR-001792,M-102,2026-09-13 06:00:00,coolant_pressure,5.08,bar
SR-001793,M-102,2026-09-13 14:04:00,coolant_pressure,5.61,bar
SR-001794,M-102,2026-09-13 22:01:00,coolant_pressure,5.74,bar
SR-001795,M-201,2026-09-13 06:03:00,vibration,2.85,mm/s
SR-001796,M-201,2026-09-13 14:01:00,vibration,2.82,mm/s
SR-001797,M-201,2026-09-13 22:02:00,vibration,2.9,mm/s
SR-001798,M-201,2026-09-13 06:02:00,bearing_temp,51.41,°C
SR-001799,M-201,2026-09-13 14:00:00,bearing_temp,54.11,°C
SR-001800,M-201,2026-09-13 22:05:00,bearing_temp,57.24,°C
SR-001801,M-201,2026-09-13 06:02:00,power_consumption,42.66,kW
SR-001802,M-201,2026-09-13 14:03:00,power_consumption,40.75,kW
SR-001803,M-201,2026-09-13 22:05:00,power_consumption,47.05,kW
SR-001804,M-201,2026-09-13 06:00:00,coolant_pressure,180.25,bar
SR-001805,M-201,2026-09-13 14:05:00,coolant_pressure,174.81,bar
SR-001806,M-201,2026-09-13 22:00:00,coolant_pressure,187.1,bar
SR-001807,M-202,2026-09-13 06:03:00,vibration,3.51,mm/s
SR-001808,M-202,2026-09-13 14:01:00,vibration,3.16,mm/s
SR-001809,M-202,2026-09-13 22:03:00,vibration,3.44,mm/s
SR-001810,M-202,2026-09-13 06:02:00,bearing_temp,46.91,°C
SR-001811,M-202,2026-09-13 14:03:00,bearing_temp,48.23,°C
SR-001812,M-202,2026-09-13 22:04:00,bearing_temp,49.47,°C
SR-001813,M-202,2026-09-13 06:01:00,power_consumption,42.33,kW
SR-001814,M-202,2026-09-13 14:03:00,power_consumption,41.28,kW
SR-001815,M-202,2026-09-13 22:02:00,power_consumption,50.19,kW
SR-001816,M-202,2026-09-13 06:00:00,coolant_pressure,184.32,bar
SR-001817,M-202,2026-09-13 14:00:00,coolant_pressure,174.85,bar
SR-001818,M-202,2026-09-13 22:02:00,coolant_pressure,191.18,bar
SR-001819,M-301,2026-09-13 06:05:00,vibration,2.59,mm/s
SR-001820,M-301,2026-09-13 14:00:00,vibration,2.74,mm/s
SR-001821,M-301,2026-09-13 22:00:00,vibration,1.58,mm/s
SR-001822,M-301,2026-09-13 06:02:00,bearing_temp,43.13,°C
SR-001823,M-301,2026-09-13 14:03:00,bearing_temp,41.56,°C
SR-001824,M-301,2026-09-13 22:05:00,bearing_temp,42.7,°C
SR-001825,M-301,2026-09-13 06:01:00,spindle_speed,8468.88,RPM
SR-001826,M-301,2026-09-13 14:04:00,spindle_speed,8092.48,RPM
SR-001827,M-301,2026-09-13 22:00:00,spindle_speed,8089.98,RPM
SR-001828,M-301,2026-09-13 06:02:00,power_consumption,17.44,kW
SR-001829,M-301,2026-09-13 14:05:00,power_consumption,18.27,kW
SR-001830,M-301,2026-09-13 22:04:00,power_consumption,18.94,kW
SR-001831,M-301,2026-09-13 06:02:00,coolant_pressure,5.42,bar
SR-001832,M-301,2026-09-13 14:05:00,coolant_pressure,5.02,bar
SR-001833,M-301,2026-09-13 22:00:00,coolant_pressure,5.46,bar
SR-001834,M-302,2026-09-13 06:03:00,vibration,3.69,mm/s
SR-001835,M-302,2026-09-13 14:01:00,vibration,2.71,mm/s
SR-001836,M-302,2026-09-13 22:00:00,vibration,3.07,mm/s
SR-001837,M-302,2026-09-13 06:02:00,bearing_temp,50.11,°C
SR-001838,M-302,2026-09-13 14:05:00,bearing_temp,54.57,°C
SR-001839,M-302,2026-09-13 22:00:00,bearing_temp,49.72,°C
SR-001840,M-302,2026-09-13 06:00:00,spindle_speed,7838.1,RPM
SR-001841,M-302,2026-09-13 14:00:00,spindle_speed,8076.2,RPM
SR-001842,M-302,2026-09-13 22:03:00,spindle_speed,8274.82,RPM
SR-001843,M-302,2026-09-13 06:03:00,power_consumption,18.72,kW
SR-001844,M-302,2026-09-13 14:03:00,power_consumption,16.93,kW
SR-001845,M-302,2026-09-13 22:00:00,power_consumption,15.8,kW
SR-001846,M-302,2026-09-13 06:05:00,coolant_pressure,5.53,bar
SR-001847,M-302,2026-09-13 14:03:00,coolant_pressure,5.32,bar
SR-001848,M-302,2026-09-13 22:02:00,coolant_pressure,5.45,bar
SR-001849,M-303,2026-09-13 06:03:00,vibration,2.45,mm/s
SR-001850,M-303,2026-09-13 14:03:00,vibration,2.51,mm/s
SR-001851,M-303,2026-09-13 22:04:00,vibration,2.34,mm/s
SR-001852,M-303,2026-09-13 06:00:00,bearing_temp,50.69,°C
SR-001853,M-303,2026-09-13 14:00:00,bearing_temp,47.7,°C
SR-001854,M-303,2026-09-13 22:00:00,bearing_temp,48.77,°C
SR-001855,M-303,2026-09-13 06:03:00,spindle_speed,7821.2,RPM
SR-001856,M-303,2026-09-13 14:04:00,spindle_speed,7683.57,RPM
SR-001857,M-303,2026-09-13 22:03:00,spindle_speed,8009.99,RPM
SR-001858,M-303,2026-09-13 06:04:00,power_consumption,18.53,kW
SR-001859,M-303,2026-09-13 14:03:00,power_consumption,16.38,kW
SR-001860,M-303,2026-09-13 22:04:00,power_consumption,18.91,kW
SR-001861,M-303,2026-09-13 06:00:00,coolant_pressure,5.75,bar
SR-001862,M-303,2026-09-13 14:03:00,coolant_pressure,5.27,bar
SR-001863,M-303,2026-09-13 22:04:00,coolant_pressure,5.89,bar
SR-001864,M-401,2026-09-13 06:04:00,vibration,0.66,mm/s
SR-001865,M-401,2026-09-13 14:05:00,vibration,1.02,mm/s
SR-001866,M-401,2026-09-13 22:04:00,vibration,0.64,mm/s
SR-001867,M-401,2026-09-13 06:03:00,bearing_temp,37.93,°C
SR-001868,M-401,2026-09-13 14:01:00,bearing_temp,38.9,°C
SR-001869,M-401,2026-09-13 22:01:00,bearing_temp,36.15,°C
SR-001870,M-401,2026-09-13 06:01:00,power_consumption,4.9,kW
SR-001871,M-401,2026-09-13 14:05:00,power_consumption,5.37,kW
SR-001872,M-401,2026-09-13 22:03:00,power_consumption,5.37,kW
SR-001873,M-402,2026-09-13 06:01:00,vibration,0.88,mm/s
SR-001874,M-402,2026-09-13 14:04:00,vibration,1.07,mm/s
SR-001875,M-402,2026-09-13 22:00:00,vibration,0.78,mm/s
SR-001876,M-402,2026-09-13 06:00:00,bearing_temp,39.39,°C
SR-001877,M-402,2026-09-13 14:02:00,bearing_temp,33.46,°C
SR-001878,M-402,2026-09-13 22:02:00,bearing_temp,36.3,°C
SR-001879,M-402,2026-09-13 06:00:00,power_consumption,3.89,kW
SR-001880,M-402,2026-09-13 14:05:00,power_consumption,4.86,kW
SR-001881,M-402,2026-09-13 22:03:00,power_consumption,4.56,kW
SR-001882,M-501,2026-09-13 06:00:00,vibration,1.87,mm/s
SR-001883,M-501,2026-09-13 14:04:00,vibration,2.01,mm/s
SR-001884,M-501,2026-09-13 22:04:00,vibration,2.31,mm/s
SR-001885,M-501,2026-09-13 06:00:00,bearing_temp,43.34,°C
SR-001886,M-501,2026-09-13 14:04:00,bearing_temp,36.49,°C
SR-001887,M-501,2026-09-13 22:04:00,bearing_temp,43.89,°C
SR-001888,M-501,2026-09-13 06:02:00,spindle_speed,3715.35,RPM
SR-001889,M-501,2026-09-13 14:05:00,spindle_speed,4093.03,RPM
SR-001890,M-501,2026-09-13 22:03:00,spindle_speed,3910.3,RPM
SR-001891,M-501,2026-09-13 06:01:00,power_consumption,13.66,kW
SR-001892,M-501,2026-09-13 14:02:00,power_consumption,14.35,kW
SR-001893,M-501,2026-09-13 22:05:00,power_consumption,13.5,kW
SR-001894,M-501,2026-09-13 06:05:00,coolant_pressure,5.22,bar
SR-001895,M-501,2026-09-13 14:02:00,coolant_pressure,4.77,bar
SR-001896,M-501,2026-09-13 22:05:00,coolant_pressure,5.16,bar
SR-001897,M-502,2026-09-13 06:02:00,vibration,2.25,mm/s
SR-001898,M-502,2026-09-13 14:02:00,vibration,2.78,mm/s
SR-001899,M-502,2026-09-13 22:02:00,vibration,2.84,mm/s
SR-001900,M-502,2026-09-13 06:02:00,bearing_temp,43.58,°C
SR-001901,M-502,2026-09-13 14:05:00,bearing_temp,42.45,°C
SR-001902,M-502,2026-09-13 22:05:00,bearing_temp,45.86,°C
SR-001903,M-502,2026-09-13 06:01:00,spindle_speed,4246.6,RPM
SR-001904,M-502,2026-09-13 14:02:00,spindle_speed,4174.98,RPM
SR-001905,M-502,2026-09-13 22:02:00,spindle_speed,4160.18,RPM
SR-001906,M-502,2026-09-13 06:02:00,power_consumption,14.79,kW
SR-001907,M-502,2026-09-13 14:00:00,power_consumption,14.78,kW
SR-001908,M-502,2026-09-13 22:01:00,power_consumption,13.38,kW
SR-001909,M-502,2026-09-13 06:03:00,coolant_pressure,4.48,bar
SR-001910,M-502,2026-09-13 14:05:00,coolant_pressure,5.2,bar
SR-001911,M-502,2026-09-13 22:02:00,coolant_pressure,4.7,bar
SR-001912,M-101,2026-09-14 06:00:00,vibration,2.45,mm/s
SR-001913,M-101,2026-09-14 14:02:00,vibration,2.17,mm/s
SR-001914,M-101,2026-09-14 22:05:00,vibration,2.38,mm/s
SR-001915,M-101,2026-09-14 06:04:00,bearing_temp,43.38,°C
SR-001916,M-101,2026-09-14 14:04:00,bearing_temp,44.93,°C
SR-001917,M-101,2026-09-14 22:01:00,bearing_temp,46.93,°C
SR-001918,M-101,2026-09-14 06:00:00,spindle_speed,8023.68,RPM
SR-001919,M-101,2026-09-14 14:02:00,spindle_speed,8000.71,RPM
SR-001920,M-101,2026-09-14 22:05:00,spindle_speed,8220.84,RPM
SR-001921,M-101,2026-09-14 06:03:00,power_consumption,18.45,kW
SR-001922,M-101,2026-09-14 14:04:00,power_consumption,19.36,kW
SR-001923,M-101,2026-09-14 22:05:00,power_consumption,15.29,kW
SR-001924,M-101,2026-09-14 06:00:00,coolant_pressure,5.91,bar
SR-001925,M-101,2026-09-14 14:03:00,coolant_pressure,5.52,bar
SR-001926,M-101,2026-09-14 22:01:00,coolant_pressure,5.85,bar
SR-001927,M-102,2026-09-14 06:04:00,vibration,2.84,mm/s
SR-001928,M-102,2026-09-14 14:02:00,vibration,2.29,mm/s
SR-001929,M-102,2026-09-14 22:02:00,vibration,1.97,mm/s
SR-001930,M-102,2026-09-14 06:05:00,bearing_temp,49.75,°C
SR-001931,M-102,2026-09-14 14:00:00,bearing_temp,45.64,°C
SR-001932,M-102,2026-09-14 22:03:00,bearing_temp,43.86,°C
SR-001933,M-102,2026-09-14 06:01:00,spindle_speed,8373.29,RPM
SR-001934,M-102,2026-09-14 14:01:00,spindle_speed,8120.38,RPM
SR-001935,M-102,2026-09-14 22:02:00,spindle_speed,7819.11,RPM
SR-001936,M-102,2026-09-14 06:05:00,power_consumption,16.2,kW
SR-001937,M-102,2026-09-14 14:05:00,power_consumption,17.75,kW
SR-001938,M-102,2026-09-14 22:00:00,power_consumption,18.16,kW
SR-001939,M-102,2026-09-14 06:01:00,coolant_pressure,5.34,bar
SR-001940,M-102,2026-09-14 14:04:00,coolant_pressure,5.53,bar
SR-001941,M-102,2026-09-14 22:04:00,coolant_pressure,5.57,bar
SR-001942,M-201,2026-09-14 06:02:00,vibration,2.66,mm/s
SR-001943,M-201,2026-09-14 14:02:00,vibration,2.82,mm/s
SR-001944,M-201,2026-09-14 22:03:00,vibration,2.24,mm/s
SR-001945,M-201,2026-09-14 06:03:00,bearing_temp,56.19,°C
SR-001946,M-201,2026-09-14 14:02:00,bearing_temp,45.23,°C
SR-001947,M-201,2026-09-14 22:04:00,bearing_temp,50.67,°C
SR-001948,M-201,2026-09-14 06:04:00,power_consumption,47.49,kW
SR-001949,M-201,2026-09-14 14:04:00,power_consumption,43.89,kW
SR-001950,M-201,2026-09-14 22:05:00,power_consumption,45.84,kW
SR-001951,M-201,2026-09-14 06:04:00,coolant_pressure,189.35,bar
SR-001952,M-201,2026-09-14 14:05:00,coolant_pressure,178.0,bar
SR-001953,M-201,2026-09-14 22:05:00,coolant_pressure,176.61,bar
SR-001954,M-202,2026-09-14 06:00:00,vibration,2.77,mm/s
SR-001955,M-202,2026-09-14 14:02:00,vibration,2.55,mm/s
SR-001956,M-202,2026-09-14 22:05:00,vibration,3.05,mm/s
SR-001957,M-202,2026-09-14 06:05:00,bearing_temp,48.54,°C
SR-001958,M-202,2026-09-14 14:05:00,bearing_temp,52.87,°C
SR-001959,M-202,2026-09-14 22:01:00,bearing_temp,55.55,°C
SR-001960,M-202,2026-09-14 06:01:00,power_consumption,43.71,kW
SR-001961,M-202,2026-09-14 14:00:00,power_consumption,42.79,kW
SR-001962,M-202,2026-09-14 22:04:00,power_consumption,44.76,kW
SR-001963,M-202,2026-09-14 06:01:00,coolant_pressure,176.38,bar
SR-001964,M-202,2026-09-14 14:05:00,coolant_pressure,182.49,bar
SR-001965,M-202,2026-09-14 22:02:00,coolant_pressure,185.79,bar
SR-001966,M-301,2026-09-14 06:02:00,vibration,2.47,mm/s
SR-001967,M-301,2026-09-14 14:05:00,vibration,2.74,mm/s
SR-001968,M-301,2026-09-14 22:00:00,vibration,2.18,mm/s
SR-001969,M-301,2026-09-14 06:01:00,bearing_temp,36.57,°C
SR-001970,M-301,2026-09-14 14:02:00,bearing_temp,40.16,°C
SR-001971,M-301,2026-09-14 22:04:00,bearing_temp,44.69,°C
SR-001972,M-301,2026-09-14 06:05:00,spindle_speed,7859.69,RPM
SR-001973,M-301,2026-09-14 14:05:00,spindle_speed,8094.71,RPM
SR-001974,M-301,2026-09-14 22:02:00,spindle_speed,7574.99,RPM
SR-001975,M-301,2026-09-14 06:05:00,power_consumption,15.1,kW
SR-001976,M-301,2026-09-14 14:04:00,power_consumption,17.87,kW
SR-001977,M-301,2026-09-14 22:01:00,power_consumption,18.29,kW
SR-001978,M-301,2026-09-14 06:05:00,coolant_pressure,5.62,bar
SR-001979,M-301,2026-09-14 14:01:00,coolant_pressure,5.47,bar
SR-001980,M-301,2026-09-14 22:05:00,coolant_pressure,6.04,bar
SR-001981,M-302,2026-09-14 06:01:00,vibration,4.07,mm/s
SR-001982,M-302,2026-09-14 14:02:00,vibration,3.26,mm/s
SR-001983,M-302,2026-09-14 22:03:00,vibration,3.74,mm/s
SR-001984,M-302,2026-09-14 06:02:00,bearing_temp,59.56,°C
SR-001985,M-302,2026-09-14 14:03:00,bearing_temp,50.82,°C
SR-001986,M-302,2026-09-14 22:00:00,bearing_temp,56.45,°C
SR-001987,M-302,2026-09-14 06:04:00,spindle_speed,7605.57,RPM
SR-001988,M-302,2026-09-14 14:04:00,spindle_speed,8073.86,RPM
SR-001989,M-302,2026-09-14 22:01:00,spindle_speed,8072.22,RPM
SR-001990,M-302,2026-09-14 06:04:00,power_consumption,17.8,kW
SR-001991,M-302,2026-09-14 14:04:00,power_consumption,19.65,kW
SR-001992,M-302,2026-09-14 22:02:00,power_consumption,19.55,kW
SR-001993,M-302,2026-09-14 06:01:00,coolant_pressure,4.98,bar
SR-001994,M-302,2026-09-14 14:01:00,coolant_pressure,5.82,bar
SR-001995,M-302,2026-09-14 22:04:00,coolant_pressure,5.77,bar
SR-001996,M-303,2026-09-14 06:03:00,vibration,2.38,mm/s
SR-001997,M-303,2026-09-14 14:01:00,vibration,2.9,mm/s
SR-001998,M-303,2026-09-14 22:00:00,vibration,3.02,mm/s
SR-001999,M-303,2026-09-14 06:01:00,bearing_temp,40.78,°C
SR-002000,M-303,2026-09-14 14:02:00,bearing_temp,45.33,°C
SR-002001,M-303,2026-09-14 22:02:00,bearing_temp,44.81,°C
SR-002002,M-303,2026-09-14 06:01:00,spindle_speed,7985.46,RPM
SR-002003,M-303,2026-09-14 14:01:00,spindle_speed,8008.54,RPM
SR-002004,M-303,2026-09-14 22:03:00,spindle_speed,7878.76,RPM
SR-002005,M-303,2026-09-14 06:01:00,power_consumption,18.57,kW
SR-002006,M-303,2026-09-14 14:04:00,power_consumption,15.45,kW
SR-002007,M-303,2026-09-14 22:03:00,power_consumption,16.55,kW
SR-002008,M-303,2026-09-14 06:03:00,coolant_pressure,5.63,bar
SR-002009,M-303,2026-09-14 14:01:00,coolant_pressure,5.44,bar
SR-002010,M-303,2026-09-14 22:05:00,coolant_pressure,5.56,bar
SR-002011,M-401,2026-09-14 06:02:00,vibration,0.78,mm/s
SR-002012,M-401,2026-09-14 14:04:00,vibration,0.82,mm/s
SR-002013,M-401,2026-09-14 22:05:00,vibration,0.88,mm/s
SR-002014,M-401,2026-09-14 06:05:00,bearing_temp,37.8,°C
SR-002015,M-401,2026-09-14 14:02:00,bearing_temp,35.02,°C
SR-002016,M-401,2026-09-14 22:02:00,bearing_temp,38.08,°C
SR-002017,M-401,2026-09-14 06:04:00,power_consumption,5.34,kW
SR-002018,M-401,2026-09-14 14:02:00,power_consumption,5.36,kW
SR-002019,M-401,2026-09-14 22:02:00,power_consumption,5.46,kW
SR-002020,M-402,2026-09-14 06:02:00,vibration,1.04,mm/s
SR-002021,M-402,2026-09-14 14:04:00,vibration,0.63,mm/s
SR-002022,M-402,2026-09-14 22:02:00,vibration,0.85,mm/s
SR-002023,M-402,2026-09-14 06:01:00,bearing_temp,32.21,°C
SR-002024,M-402,2026-09-14 14:02:00,bearing_temp,36.23,°C
SR-002025,M-402,2026-09-14 22:01:00,bearing_temp,37.32,°C
SR-002026,M-402,2026-09-14 06:01:00,power_consumption,4.99,kW
SR-002027,M-402,2026-09-14 14:03:00,power_consumption,6.06,kW
SR-002028,M-402,2026-09-14 22:00:00,power_consumption,4.64,kW
SR-002029,M-501,2026-09-14 06:01:00,vibration,2.28,mm/s
SR-002030,M-501,2026-09-14 14:01:00,vibration,2.81,mm/s
SR-002031,M-501,2026-09-14 22:01:00,vibration,2.15,mm/s
SR-002032,M-501,2026-09-14 06:00:00,bearing_temp,39.35,°C
SR-002033,M-501,2026-09-14 14:00:00,bearing_temp,40.33,°C
SR-002034,M-501,2026-09-14 22:03:00,bearing_temp,45.96,°C
SR-002035,M-501,2026-09-14 06:04:00,spindle_speed,4090.55,RPM
SR-002036,M-501,2026-09-14 14:04:00,spindle_speed,3911.19,RPM
SR-002037,M-501,2026-09-14 22:05:00,spindle_speed,4509.28,RPM
SR-002038,M-501,2026-09-14 06:00:00,power_consumption,16.28,kW
SR-002039,M-501,2026-09-14 14:05:00,power_consumption,14.85,kW
SR-002040,M-501,2026-09-14 22:00:00,power_consumption,14.78,kW
SR-002041,M-501,2026-09-14 06:04:00,coolant_pressure,4.77,bar
SR-002042,M-501,2026-09-14 14:02:00,coolant_pressure,5.13,bar
SR-002043,M-501,2026-09-14 22:05:00,coolant_pressure,4.84,bar
SR-002044,M-502,2026-09-14 06:05:00,vibration,2.23,mm/s
SR-002045,M-502,2026-09-14 14:05:00,vibration,2.0,mm/s
SR-002046,M-502,2026-09-14 22:00:00,vibration,1.98,mm/s
SR-002047,M-502,2026-09-14 06:04:00,bearing_temp,41.96,°C
SR-002048,M-502,2026-09-14 14:05:00,bearing_temp,41.31,°C
SR-002049,M-502,2026-09-14 22:00:00,bearing_temp,46.07,°C
SR-002050,M-502,2026-09-14 06:04:00,spindle_speed,4214.57,RPM
SR-002051,M-502,2026-09-14 14:00:00,spindle_speed,3985.36,RPM
SR-002052,M-502,2026-09-14 22:00:00,spindle_speed,3926.36,RPM
SR-002053,M-502,2026-09-14 06:02:00,power_consumption,13.36,kW
SR-002054,M-502,2026-09-14 14:04:00,power_consumption,15.02,kW
SR-002055,M-502,2026-09-14 22:03:00,power_consumption,16.11,kW
SR-002056,M-502,2026-09-14 06:02:00,coolant_pressure,4.96,bar
SR-002057,M-502,2026-09-14 14:01:00,coolant_pressure,5.17,bar
SR-002058,M-502,2026-09-14 22:05:00,coolant_pressure,5.27,bar
SR-002059,M-101,2026-09-15 06:00:00,vibration,2.73,mm/s
SR-002060,M-101,2026-09-15 14:00:00,vibration,2.25,mm/s
SR-002061,M-101,2026-09-15 22:04:00,vibration,1.99,mm/s
SR-002062,M-101,2026-09-15 06:05:00,bearing_temp,39.24,°C
SR-002063,M-101,2026-09-15 14:04:00,bearing_temp,37.68,°C
SR-002064,M-101,2026-09-15 22:00:00,bearing_temp,45.27,°C
SR-002065,M-101,2026-09-15 06:02:00,spindle_speed,7984.72,RPM
SR-002066,M-101,2026-09-15 14:05:00,spindle_speed,7908.84,RPM
SR-002067,M-101,2026-09-15 22:02:00,spindle_speed,8070.7,RPM
SR-002068,M-101,2026-09-15 06:02:00,power_consumption,22.46,kW
SR-002069,M-101,2026-09-15 14:01:00,power_consumption,17.33,kW
SR-002070,M-101,2026-09-15 22:00:00,power_consumption,18.15,kW
SR-002071,M-101,2026-09-15 06:05:00,coolant_pressure,5.67,bar
SR-002072,M-101,2026-09-15 14:02:00,coolant_pressure,5.27,bar
SR-002073,M-101,2026-09-15 22:00:00,coolant_pressure,5.37,bar
SR-002074,M-102,2026-09-15 06:00:00,vibration,2.49,mm/s
SR-002075,M-102,2026-09-15 14:01:00,vibration,2.75,mm/s
SR-002076,M-102,2026-09-15 22:02:00,vibration,1.93,mm/s
SR-002077,M-102,2026-09-15 06:04:00,bearing_temp,42.99,°C
SR-002078,M-102,2026-09-15 14:02:00,bearing_temp,47.51,°C
SR-002079,M-102,2026-09-15 22:02:00,bearing_temp,45.96,°C
SR-002080,M-102,2026-09-15 06:01:00,spindle_speed,7938.91,RPM
SR-002081,M-102,2026-09-15 14:03:00,spindle_speed,8152.68,RPM
SR-002082,M-102,2026-09-15 22:02:00,spindle_speed,8132.62,RPM
SR-002083,M-102,2026-09-15 06:03:00,power_consumption,19.18,kW
SR-002084,M-102,2026-09-15 14:03:00,power_consumption,16.03,kW
SR-002085,M-102,2026-09-15 22:00:00,power_consumption,16.41,kW
SR-002086,M-102,2026-09-15 06:01:00,coolant_pressure,5.07,bar
SR-002087,M-102,2026-09-15 14:01:00,coolant_pressure,5.47,bar
SR-002088,M-102,2026-09-15 22:00:00,coolant_pressure,5.4,bar
SR-002089,M-201,2026-09-15 06:04:00,vibration,2.42,mm/s
SR-002090,M-201,2026-09-15 14:05:00,vibration,3.34,mm/s
SR-002091,M-201,2026-09-15 22:02:00,vibration,2.36,mm/s
SR-002092,M-201,2026-09-15 06:04:00,bearing_temp,52.08,°C
SR-002093,M-201,2026-09-15 14:05:00,bearing_temp,55.98,°C
SR-002094,M-201,2026-09-15 22:01:00,bearing_temp,51.09,°C
SR-002095,M-201,2026-09-15 06:03:00,power_consumption,41.55,kW
SR-002096,M-201,2026-09-15 14:03:00,power_consumption,45.37,kW
SR-002097,M-201,2026-09-15 22:02:00,power_consumption,47.24,kW
SR-002098,M-201,2026-09-15 06:00:00,coolant_pressure,181.11,bar
SR-002099,M-201,2026-09-15 14:05:00,coolant_pressure,177.88,bar
SR-002100,M-201,2026-09-15 22:04:00,coolant_pressure,172.78,bar
SR-002101,M-202,2026-09-15 06:05:00,vibration,2.94,mm/s
SR-002102,M-202,2026-09-15 14:02:00,vibration,2.65,mm/s
SR-002103,M-202,2026-09-15 22:04:00,vibration,2.24,mm/s
SR-002104,M-202,2026-09-15 06:00:00,bearing_temp,49.27,°C
SR-002105,M-202,2026-09-15 14:03:00,bearing_temp,44.12,°C
SR-002106,M-202,2026-09-15 22:02:00,bearing_temp,52.64,°C
SR-002107,M-202,2026-09-15 06:01:00,power_consumption,42.78,kW
SR-002108,M-202,2026-09-15 14:04:00,power_consumption,41.32,kW
SR-002109,M-202,2026-09-15 22:00:00,power_consumption,48.22,kW
SR-002110,M-202,2026-09-15 06:05:00,coolant_pressure,175.68,bar
SR-002111,M-202,2026-09-15 14:03:00,coolant_pressure,185.44,bar
SR-002112,M-202,2026-09-15 22:03:00,coolant_pressure,177.62,bar
SR-002113,M-301,2026-09-15 06:03:00,vibration,2.51,mm/s
SR-002114,M-301,2026-09-15 14:02:00,vibration,2.28,mm/s
SR-002115,M-301,2026-09-15 22:00:00,vibration,2.46,mm/s
SR-002116,M-301,2026-09-15 06:04:00,bearing_temp,52.94,°C
SR-002117,M-301,2026-09-15 14:03:00,bearing_temp,45.74,°C
SR-002118,M-301,2026-09-15 22:01:00,bearing_temp,49.24,°C
SR-002119,M-301,2026-09-15 06:04:00,spindle_speed,8190.71,RPM
SR-002120,M-301,2026-09-15 14:03:00,spindle_speed,8103.03,RPM
SR-002121,M-301,2026-09-15 22:02:00,spindle_speed,8199.93,RPM
SR-002122,M-301,2026-09-15 06:00:00,power_consumption,18.93,kW
SR-002123,M-301,2026-09-15 14:00:00,power_consumption,20.46,kW
SR-002124,M-301,2026-09-15 22:00:00,power_consumption,17.7,kW
SR-002125,M-301,2026-09-15 06:04:00,coolant_pressure,5.43,bar
SR-002126,M-301,2026-09-15 14:00:00,coolant_pressure,5.55,bar
SR-002127,M-301,2026-09-15 22:04:00,coolant_pressure,5.74,bar
SR-002128,M-302,2026-09-15 06:05:00,vibration,3.3,mm/s
SR-002129,M-302,2026-09-15 14:01:00,vibration,3.67,mm/s
SR-002130,M-302,2026-09-15 22:05:00,vibration,4.16,mm/s
SR-002131,M-302,2026-09-15 06:02:00,bearing_temp,52.21,°C
SR-002132,M-302,2026-09-15 14:00:00,bearing_temp,49.82,°C
SR-002133,M-302,2026-09-15 22:02:00,bearing_temp,56.88,°C
SR-002134,M-302,2026-09-15 06:04:00,spindle_speed,7647.53,RPM
SR-002135,M-302,2026-09-15 14:05:00,spindle_speed,8029.57,RPM
SR-002136,M-302,2026-09-15 22:05:00,spindle_speed,7730.89,RPM
SR-002137,M-302,2026-09-15 06:00:00,power_consumption,16.92,kW
SR-002138,M-302,2026-09-15 14:05:00,power_consumption,19.25,kW
SR-002139,M-302,2026-09-15 22:05:00,power_consumption,18.24,kW
SR-002140,M-302,2026-09-15 06:02:00,coolant_pressure,5.77,bar
SR-002141,M-302,2026-09-15 14:00:00,coolant_pressure,5.22,bar
SR-002142,M-302,2026-09-15 22:00:00,coolant_pressure,5.41,bar
SR-002143,M-303,2026-09-15 06:05:00,vibration,2.77,mm/s
SR-002144,M-303,2026-09-15 14:05:00,vibration,2.12,mm/s
SR-002145,M-303,2026-09-15 22:04:00,vibration,2.37,mm/s
SR-002146,M-303,2026-09-15 06:01:00,bearing_temp,43.6,°C
SR-002147,M-303,2026-09-15 14:03:00,bearing_temp,47.65,°C
SR-002148,M-303,2026-09-15 22:01:00,bearing_temp,51.4,°C
SR-002149,M-303,2026-09-15 06:05:00,spindle_speed,7663.84,RPM
SR-002150,M-303,2026-09-15 14:02:00,spindle_speed,8092.99,RPM
SR-002151,M-303,2026-09-15 22:05:00,spindle_speed,8161.28,RPM
SR-002152,M-303,2026-09-15 06:05:00,power_consumption,18.97,kW
SR-002153,M-303,2026-09-15 14:03:00,power_consumption,15.81,kW
SR-002154,M-303,2026-09-15 22:03:00,power_consumption,16.63,kW
SR-002155,M-303,2026-09-15 06:01:00,coolant_pressure,5.09,bar
SR-002156,M-303,2026-09-15 14:03:00,coolant_pressure,4.87,bar
SR-002157,M-303,2026-09-15 22:04:00,coolant_pressure,5.99,bar
SR-002158,M-401,2026-09-15 06:03:00,vibration,0.81,mm/s
SR-002159,M-401,2026-09-15 14:04:00,vibration,0.89,mm/s
SR-002160,M-401,2026-09-15 22:01:00,vibration,0.65,mm/s
SR-002161,M-401,2026-09-15 06:01:00,bearing_temp,34.56,°C
SR-002162,M-401,2026-09-15 14:00:00,bearing_temp,33.85,°C
SR-002163,M-401,2026-09-15 22:02:00,bearing_temp,32.94,°C
SR-002164,M-401,2026-09-15 06:04:00,power_consumption,5.44,kW
SR-002165,M-401,2026-09-15 14:04:00,power_consumption,5.38,kW
SR-002166,M-401,2026-09-15 22:05:00,power_consumption,4.65,kW
SR-002167,M-402,2026-09-15 06:02:00,vibration,0.81,mm/s
SR-002168,M-402,2026-09-15 14:02:00,vibration,0.68,mm/s
SR-002169,M-402,2026-09-15 22:03:00,vibration,0.72,mm/s
SR-002170,M-402,2026-09-15 06:04:00,bearing_temp,35.31,°C
SR-002171,M-402,2026-09-15 14:02:00,bearing_temp,33.97,°C
SR-002172,M-402,2026-09-15 22:05:00,bearing_temp,31.84,°C
SR-002173,M-402,2026-09-15 06:05:00,power_consumption,4.59,kW
SR-002174,M-402,2026-09-15 14:04:00,power_consumption,4.87,kW
SR-002175,M-402,2026-09-15 22:04:00,power_consumption,4.77,kW
SR-002176,M-501,2026-09-15 06:05:00,vibration,2.01,mm/s
SR-002177,M-501,2026-09-15 14:05:00,vibration,2.11,mm/s
SR-002178,M-501,2026-09-15 22:01:00,vibration,2.54,mm/s
SR-002179,M-501,2026-09-15 06:01:00,bearing_temp,46.96,°C
SR-002180,M-501,2026-09-15 14:04:00,bearing_temp,42.53,°C
SR-002181,M-501,2026-09-15 22:05:00,bearing_temp,39.22,°C
SR-002182,M-501,2026-09-15 06:00:00,spindle_speed,3938.04,RPM
SR-002183,M-501,2026-09-15 14:04:00,spindle_speed,4014.35,RPM
SR-002184,M-501,2026-09-15 22:04:00,spindle_speed,3788.39,RPM
SR-002185,M-501,2026-09-15 06:05:00,power_consumption,16.94,kW
SR-002186,M-501,2026-09-15 14:05:00,power_consumption,14.27,kW
SR-002187,M-501,2026-09-15 22:03:00,power_consumption,16.28,kW
SR-002188,M-501,2026-09-15 06:00:00,coolant_pressure,4.79,bar
SR-002189,M-501,2026-09-15 14:01:00,coolant_pressure,4.94,bar
SR-002190,M-501,2026-09-15 22:00:00,coolant_pressure,4.99,bar
SR-002191,M-502,2026-09-15 06:01:00,vibration,2.09,mm/s
SR-002192,M-502,2026-09-15 14:02:00,vibration,1.99,mm/s
SR-002193,M-502,2026-09-15 22:00:00,vibration,2.12,mm/s
SR-002194,M-502,2026-09-15 06:05:00,bearing_temp,41.71,°C
SR-002195,M-502,2026-09-15 14:04:00,bearing_temp,43.36,°C
SR-002196,M-502,2026-09-15 22:00:00,bearing_temp,41.35,°C
SR-002197,M-502,2026-09-15 06:04:00,spindle_speed,3896.09,RPM
SR-002198,M-502,2026-09-15 14:05:00,spindle_speed,4127.74,RPM
SR-002199,M-502,2026-09-15 22:05:00,spindle_speed,3980.2,RPM
SR-002200,M-502,2026-09-15 06:05:00,power_consumption,12.6,kW
SR-002201,M-502,2026-09-15 14:05:00,power_consumption,14.18,kW
SR-002202,M-502,2026-09-15 22:02:00,power_consumption,14.67,kW
SR-002203,M-502,2026-09-15 06:03:00,coolant_pressure,4.97,bar
SR-002204,M-502,2026-09-15 14:03:00,coolant_pressure,4.93,bar
SR-002205,M-502,2026-09-15 22:05:00,coolant_pressure,4.62,bar
SR-002206,M-101,2026-09-16 06:02:00,vibration,2.75,mm/s
SR-002207,M-101,2026-09-16 14:05:00,vibration,2.53,mm/s
SR-002208,M-101,2026-09-16 22:02:00,vibration,2.37,mm/s
SR-002209,M-101,2026-09-16 06:03:00,bearing_temp,46.76,°C
SR-002210,M-101,2026-09-16 14:01:00,bearing_temp,50.79,°C
SR-002211,M-101,2026-09-16 22:05:00,bearing_temp,48.98,°C
SR-002212,M-101,2026-09-16 06:02:00,spindle_speed,7835.11,RPM
SR-002213,M-101,2026-09-16 14:04:00,spindle_speed,8008.07,RPM
SR-002214,M-101,2026-09-16 22:01:00,spindle_speed,7748.57,RPM
SR-002215,M-101,2026-09-16 06:02:00,power_consumption,18.63,kW
SR-002216,M-101,2026-09-16 14:03:00,power_consumption,14.18,kW
SR-002217,M-101,2026-09-16 22:01:00,power_consumption,19.0,kW
SR-002218,M-101,2026-09-16 06:01:00,coolant_pressure,5.91,bar
SR-002219,M-101,2026-09-16 14:00:00,coolant_pressure,5.49,bar
SR-002220,M-101,2026-09-16 22:03:00,coolant_pressure,5.35,bar
SR-002221,M-102,2026-09-16 06:01:00,vibration,2.34,mm/s
SR-002222,M-102,2026-09-16 14:04:00,vibration,2.71,mm/s
SR-002223,M-102,2026-09-16 22:03:00,vibration,2.42,mm/s
SR-002224,M-102,2026-09-16 06:05:00,bearing_temp,44.74,°C
SR-002225,M-102,2026-09-16 14:02:00,bearing_temp,45.79,°C
SR-002226,M-102,2026-09-16 22:04:00,bearing_temp,44.67,°C
SR-002227,M-102,2026-09-16 06:04:00,spindle_speed,8440.73,RPM
SR-002228,M-102,2026-09-16 14:05:00,spindle_speed,8145.83,RPM
SR-002229,M-102,2026-09-16 22:04:00,spindle_speed,7888.39,RPM
SR-002230,M-102,2026-09-16 06:02:00,power_consumption,20.51,kW
SR-002231,M-102,2026-09-16 14:04:00,power_consumption,20.11,kW
SR-002232,M-102,2026-09-16 22:01:00,power_consumption,19.04,kW
SR-002233,M-102,2026-09-16 06:04:00,coolant_pressure,5.85,bar
SR-002234,M-102,2026-09-16 14:01:00,coolant_pressure,5.4,bar
SR-002235,M-102,2026-09-16 22:00:00,coolant_pressure,5.18,bar
SR-002236,M-201,2026-09-16 06:02:00,vibration,3.31,mm/s
SR-002237,M-201,2026-09-16 14:02:00,vibration,3.06,mm/s
SR-002238,M-201,2026-09-16 22:02:00,vibration,3.34,mm/s
SR-002239,M-201,2026-09-16 06:04:00,bearing_temp,48.2,°C
SR-002240,M-201,2026-09-16 14:04:00,bearing_temp,52.15,°C
SR-002241,M-201,2026-09-16 22:05:00,bearing_temp,44.93,°C
SR-002242,M-201,2026-09-16 06:00:00,power_consumption,45.61,kW
SR-002243,M-201,2026-09-16 14:01:00,power_consumption,47.08,kW
SR-002244,M-201,2026-09-16 22:05:00,power_consumption,46.82,kW
SR-002245,M-201,2026-09-16 06:00:00,coolant_pressure,174.74,bar
SR-002246,M-201,2026-09-16 14:05:00,coolant_pressure,175.44,bar
SR-002247,M-201,2026-09-16 22:00:00,coolant_pressure,183.69,bar
SR-002248,M-202,2026-09-16 06:03:00,vibration,2.68,mm/s
SR-002249,M-202,2026-09-16 14:00:00,vibration,2.97,mm/s
SR-002250,M-202,2026-09-16 22:04:00,vibration,3.8,mm/s
SR-002251,M-202,2026-09-16 06:04:00,bearing_temp,51.7,°C
SR-002252,M-202,2026-09-16 14:03:00,bearing_temp,46.51,°C
SR-002253,M-202,2026-09-16 22:05:00,bearing_temp,46.66,°C
SR-002254,M-202,2026-09-16 06:01:00,power_consumption,45.21,kW
SR-002255,M-202,2026-09-16 14:00:00,power_consumption,44.47,kW
SR-002256,M-202,2026-09-16 22:01:00,power_consumption,46.12,kW
SR-002257,M-202,2026-09-16 06:04:00,coolant_pressure,188.48,bar
SR-002258,M-202,2026-09-16 14:00:00,coolant_pressure,178.47,bar
SR-002259,M-202,2026-09-16 22:05:00,coolant_pressure,177.6,bar
SR-002260,M-301,2026-09-16 06:01:00,vibration,2.2,mm/s
SR-002261,M-301,2026-09-16 14:00:00,vibration,2.68,mm/s
SR-002262,M-301,2026-09-16 22:01:00,vibration,2.08,mm/s
SR-002263,M-301,2026-09-16 06:05:00,bearing_temp,40.46,°C
SR-002264,M-301,2026-09-16 14:03:00,bearing_temp,43.9,°C
SR-002265,M-301,2026-09-16 22:05:00,bearing_temp,40.7,°C
SR-002266,M-301,2026-09-16 06:05:00,spindle_speed,7622.58,RPM
SR-002267,M-301,2026-09-16 14:02:00,spindle_speed,8126.08,RPM
SR-002268,M-301,2026-09-16 22:00:00,spindle_speed,8182.44,RPM
SR-002269,M-301,2026-09-16 06:02:00,power_consumption,18.43,kW
SR-002270,M-301,2026-09-16 14:04:00,power_consumption,18.26,kW
SR-002271,M-301,2026-09-16 22:02:00,power_consumption,20.52,kW
SR-002272,M-301,2026-09-16 06:03:00,coolant_pressure,5.74,bar
SR-002273,M-301,2026-09-16 14:03:00,coolant_pressure,5.18,bar
SR-002274,M-301,2026-09-16 22:02:00,coolant_pressure,5.77,bar
SR-002275,M-302,2026-09-16 06:04:00,vibration,4.52,mm/s
SR-002276,M-302,2026-09-16 14:00:00,vibration,4.09,mm/s
SR-002277,M-302,2026-09-16 22:05:00,vibration,3.76,mm/s
SR-002278,M-302,2026-09-16 06:04:00,bearing_temp,53.84,°C
SR-002279,M-302,2026-09-16 14:02:00,bearing_temp,60.9,°C
SR-002280,M-302,2026-09-16 22:04:00,bearing_temp,57.74,°C
SR-002281,M-302,2026-09-16 06:02:00,spindle_speed,8276.33,RPM
SR-002282,M-302,2026-09-16 14:04:00,spindle_speed,8217.52,RPM
SR-002283,M-302,2026-09-16 22:03:00,spindle_speed,8291.44,RPM
SR-002284,M-302,2026-09-16 06:03:00,power_consumption,19.55,kW
SR-002285,M-302,2026-09-16 14:03:00,power_consumption,16.49,kW
SR-002286,M-302,2026-09-16 22:01:00,power_consumption,19.58,kW
SR-002287,M-302,2026-09-16 06:03:00,coolant_pressure,5.34,bar
SR-002288,M-302,2026-09-16 14:04:00,coolant_pressure,5.47,bar
SR-002289,M-302,2026-09-16 22:02:00,coolant_pressure,5.38,bar
SR-002290,M-303,2026-09-16 06:05:00,vibration,2.94,mm/s
SR-002291,M-303,2026-09-16 14:05:00,vibration,3.19,mm/s
SR-002292,M-303,2026-09-16 22:05:00,vibration,1.72,mm/s
SR-002293,M-303,2026-09-16 06:04:00,bearing_temp,39.88,°C
SR-002294,M-303,2026-09-16 14:04:00,bearing_temp,50.24,°C
SR-002295,M-303,2026-09-16 22:04:00,bearing_temp,45.55,°C
SR-002296,M-303,2026-09-16 06:04:00,spindle_speed,8045.34,RPM
SR-002297,M-303,2026-09-16 14:00:00,spindle_speed,7801.87,RPM
SR-002298,M-303,2026-09-16 22:02:00,spindle_speed,8155.52,RPM
SR-002299,M-303,2026-09-16 06:05:00,power_consumption,18.61,kW
SR-002300,M-303,2026-09-16 14:02:00,power_consumption,20.39,kW
SR-002301,M-303,2026-09-16 22:04:00,power_consumption,18.78,kW
SR-002302,M-303,2026-09-16 06:01:00,coolant_pressure,6.13,bar
SR-002303,M-303,2026-09-16 14:02:00,coolant_pressure,5.61,bar
SR-002304,M-303,2026-09-16 22:01:00,coolant_pressure,5.68,bar
SR-002305,M-401,2026-09-16 06:04:00,vibration,0.97,mm/s
SR-002306,M-401,2026-09-16 14:00:00,vibration,0.95,mm/s
SR-002307,M-401,2026-09-16 22:04:00,vibration,1.01,mm/s
SR-002308,M-401,2026-09-16 06:03:00,bearing_temp,31.27,°C
SR-002309,M-401,2026-09-16 14:05:00,bearing_temp,34.52,°C
SR-002310,M-401,2026-09-16 22:00:00,bearing_temp,34.39,°C
SR-002311,M-401,2026-09-16 06:04:00,power_consumption,5.0,kW
SR-002312,M-401,2026-09-16 14:03:00,power_consumption,5.33,kW
SR-002313,M-401,2026-09-16 22:05:00,power_consumption,5.45,kW
SR-002314,M-402,2026-09-16 06:05:00,vibration,0.76,mm/s
SR-002315,M-402,2026-09-16 14:00:00,vibration,0.81,mm/s
SR-002316,M-402,2026-09-16 22:01:00,vibration,0.92,mm/s
SR-002317,M-402,2026-09-16 06:04:00,bearing_temp,34.1,°C
SR-002318,M-402,2026-09-16 14:05:00,bearing_temp,36.99,°C
SR-002319,M-402,2026-09-16 22:04:00,bearing_temp,34.09,°C
SR-002320,M-402,2026-09-16 06:04:00,power_consumption,5.62,kW
SR-002321,M-402,2026-09-16 14:03:00,power_consumption,4.71,kW
SR-002322,M-402,2026-09-16 22:01:00,power_consumption,5.33,kW
SR-002323,M-501,2026-09-16 06:01:00,vibration,2.49,mm/s
SR-002324,M-501,2026-09-16 14:05:00,vibration,2.21,mm/s
SR-002325,M-501,2026-09-16 22:02:00,vibration,2.17,mm/s
SR-002326,M-501,2026-09-16 06:01:00,bearing_temp,40.06,°C
SR-002327,M-501,2026-09-16 14:03:00,bearing_temp,41.94,°C
SR-002328,M-501,2026-09-16 22:03:00,bearing_temp,40.77,°C
SR-002329,M-501,2026-09-16 06:03:00,spindle_speed,3731.73,RPM
SR-002330,M-501,2026-09-16 14:04:00,spindle_speed,4095.9,RPM
SR-002331,M-501,2026-09-16 22:00:00,spindle_speed,4184.21,RPM
SR-002332,M-501,2026-09-16 06:02:00,power_consumption,16.2,kW
SR-002333,M-501,2026-09-16 14:04:00,power_consumption,15.46,kW
SR-002334,M-501,2026-09-16 22:01:00,power_consumption,14.44,kW
SR-002335,M-501,2026-09-16 06:00:00,coolant_pressure,4.95,bar
SR-002336,M-501,2026-09-16 14:05:00,coolant_pressure,5.57,bar
SR-002337,M-501,2026-09-16 22:04:00,coolant_pressure,5.05,bar
SR-002338,M-502,2026-09-16 06:05:00,vibration,2.23,mm/s
SR-002339,M-502,2026-09-16 14:03:00,vibration,2.65,mm/s
SR-002340,M-502,2026-09-16 22:04:00,vibration,2.29,mm/s
SR-002341,M-502,2026-09-16 06:02:00,bearing_temp,43.16,°C
SR-002342,M-502,2026-09-16 14:04:00,bearing_temp,43.66,°C
SR-002343,M-502,2026-09-16 22:05:00,bearing_temp,45.45,°C
SR-002344,M-502,2026-09-16 06:01:00,spindle_speed,3884.54,RPM
SR-002345,M-502,2026-09-16 14:04:00,spindle_speed,3929.07,RPM
SR-002346,M-502,2026-09-16 22:05:00,spindle_speed,4079.63,RPM
SR-002347,M-502,2026-09-16 06:04:00,power_consumption,15.4,kW
SR-002348,M-502,2026-09-16 14:04:00,power_consumption,14.5,kW
SR-002349,M-502,2026-09-16 22:00:00,power_consumption,15.96,kW
SR-002350,M-502,2026-09-16 06:05:00,coolant_pressure,5.13,bar
SR-002351,M-502,2026-09-16 14:04:00,coolant_pressure,5.04,bar
SR-002352,M-502,2026-09-16 22:05:00,coolant_pressure,5.64,bar
SR-002353,M-101,2026-09-17 06:03:00,vibration,2.64,mm/s
SR-002354,M-101,2026-09-17 14:01:00,vibration,2.81,mm/s
SR-002355,M-101,2026-09-17 22:05:00,vibration,2.82,mm/s
SR-002356,M-101,2026-09-17 06:01:00,bearing_temp,51.6,°C
SR-002357,M-101,2026-09-17 14:02:00,bearing_temp,44.7,°C
SR-002358,M-101,2026-09-17 22:00:00,bearing_temp,41.56,°C
SR-002359,M-101,2026-09-17 06:00:00,spindle_speed,8045.03,RPM
SR-002360,M-101,2026-09-17 14:02:00,spindle_speed,8226.87,RPM
SR-002361,M-101,2026-09-17 22:01:00,spindle_speed,7959.65,RPM
SR-002362,M-101,2026-09-17 06:04:00,power_consumption,18.32,kW
SR-002363,M-101,2026-09-17 14:03:00,power_consumption,19.19,kW
SR-002364,M-101,2026-09-17 22:03:00,power_consumption,17.22,kW
SR-002365,M-101,2026-09-17 06:05:00,coolant_pressure,5.56,bar
SR-002366,M-101,2026-09-17 14:02:00,coolant_pressure,5.44,bar
SR-002367,M-101,2026-09-17 22:05:00,coolant_pressure,6.13,bar
SR-002368,M-102,2026-09-17 06:02:00,vibration,3.04,mm/s
SR-002369,M-102,2026-09-17 14:04:00,vibration,2.56,mm/s
SR-002370,M-102,2026-09-17 22:04:00,vibration,2.13,mm/s
SR-002371,M-102,2026-09-17 06:02:00,bearing_temp,47.01,°C
SR-002372,M-102,2026-09-17 14:04:00,bearing_temp,48.88,°C
SR-002373,M-102,2026-09-17 22:04:00,bearing_temp,41.75,°C
SR-002374,M-102,2026-09-17 06:02:00,spindle_speed,7687.99,RPM
SR-002375,M-102,2026-09-17 14:04:00,spindle_speed,7689.04,RPM
SR-002376,M-102,2026-09-17 22:03:00,spindle_speed,8305.81,RPM
SR-002377,M-102,2026-09-17 06:03:00,power_consumption,16.18,kW
SR-002378,M-102,2026-09-17 14:03:00,power_consumption,20.41,kW
SR-002379,M-102,2026-09-17 22:01:00,power_consumption,18.13,kW
SR-002380,M-102,2026-09-17 06:03:00,coolant_pressure,5.48,bar
SR-002381,M-102,2026-09-17 14:05:00,coolant_pressure,5.56,bar
SR-002382,M-102,2026-09-17 22:02:00,coolant_pressure,5.6,bar
SR-002383,M-201,2026-09-17 06:02:00,vibration,3.08,mm/s
SR-002384,M-201,2026-09-17 14:04:00,vibration,3.31,mm/s
SR-002385,M-201,2026-09-17 22:01:00,vibration,2.95,mm/s
SR-002386,M-201,2026-09-17 06:03:00,bearing_temp,48.03,°C
SR-002387,M-201,2026-09-17 14:03:00,bearing_temp,52.39,°C
SR-002388,M-201,2026-09-17 22:05:00,bearing_temp,44.08,°C
SR-002389,M-201,2026-09-17 06:01:00,power_consumption,42.95,kW
SR-002390,M-201,2026-09-17 14:05:00,power_consumption,45.27,kW
SR-002391,M-201,2026-09-17 22:00:00,power_consumption,45.32,kW
SR-002392,M-201,2026-09-17 06:01:00,coolant_pressure,179.08,bar
SR-002393,M-201,2026-09-17 14:05:00,coolant_pressure,177.35,bar
SR-002394,M-201,2026-09-17 22:04:00,coolant_pressure,178.68,bar
SR-002395,M-202,2026-09-17 06:00:00,vibration,3.63,mm/s
SR-002396,M-202,2026-09-17 14:01:00,vibration,3.16,mm/s
SR-002397,M-202,2026-09-17 22:03:00,vibration,2.98,mm/s
SR-002398,M-202,2026-09-17 06:04:00,bearing_temp,52.52,°C
SR-002399,M-202,2026-09-17 14:05:00,bearing_temp,55.59,°C
SR-002400,M-202,2026-09-17 22:05:00,bearing_temp,48.91,°C
SR-002401,M-202,2026-09-17 06:00:00,power_consumption,43.71,kW
SR-002402,M-202,2026-09-17 14:01:00,power_consumption,42.92,kW
SR-002403,M-202,2026-09-17 22:03:00,power_consumption,36.06,kW
SR-002404,M-202,2026-09-17 06:01:00,coolant_pressure,184.93,bar
SR-002405,M-202,2026-09-17 14:01:00,coolant_pressure,180.98,bar
SR-002406,M-202,2026-09-17 22:04:00,coolant_pressure,185.05,bar
SR-002407,M-301,2026-09-17 06:05:00,vibration,2.51,mm/s
SR-002408,M-301,2026-09-17 14:04:00,vibration,2.17,mm/s
SR-002409,M-301,2026-09-17 22:02:00,vibration,2.34,mm/s
SR-002410,M-301,2026-09-17 06:03:00,bearing_temp,49.8,°C
SR-002411,M-301,2026-09-17 14:03:00,bearing_temp,44.07,°C
SR-002412,M-301,2026-09-17 22:03:00,bearing_temp,44.35,°C
SR-002413,M-301,2026-09-17 06:04:00,spindle_speed,8024.65,RPM
SR-002414,M-301,2026-09-17 14:04:00,spindle_speed,8026.99,RPM
SR-002415,M-301,2026-09-17 22:04:00,spindle_speed,7849.97,RPM
SR-002416,M-301,2026-09-17 06:00:00,power_consumption,15.43,kW
SR-002417,M-301,2026-09-17 14:04:00,power_consumption,19.42,kW
SR-002418,M-301,2026-09-17 22:00:00,power_consumption,20.9,kW
SR-002419,M-301,2026-09-17 06:00:00,coolant_pressure,5.77,bar
SR-002420,M-301,2026-09-17 14:00:00,coolant_pressure,5.24,bar
SR-002421,M-301,2026-09-17 22:04:00,coolant_pressure,5.34,bar
SR-002422,M-302,2026-09-17 06:04:00,vibration,4.3,mm/s
SR-002423,M-302,2026-09-17 14:05:00,vibration,4.61,mm/s
SR-002424,M-302,2026-09-17 22:05:00,vibration,3.68,mm/s
SR-002425,M-302,2026-09-17 06:00:00,bearing_temp,55.58,°C
SR-002426,M-302,2026-09-17 14:05:00,bearing_temp,58.9,°C
SR-002427,M-302,2026-09-17 22:03:00,bearing_temp,56.15,°C
SR-002428,M-302,2026-09-17 06:03:00,spindle_speed,7973.1,RPM
SR-002429,M-302,2026-09-17 14:05:00,spindle_speed,7786.61,RPM
SR-002430,M-302,2026-09-17 22:04:00,spindle_speed,8291.7,RPM
SR-002431,M-302,2026-09-17 06:03:00,power_consumption,19.12,kW
SR-002432,M-302,2026-09-17 14:01:00,power_consumption,18.92,kW
SR-002433,M-302,2026-09-17 22:04:00,power_consumption,18.99,kW
SR-002434,M-302,2026-09-17 06:04:00,coolant_pressure,5.43,bar
SR-002435,M-302,2026-09-17 14:05:00,coolant_pressure,5.34,bar
SR-002436,M-302,2026-09-17 22:05:00,coolant_pressure,5.61,bar
SR-002437,M-303,2026-09-17 06:00:00,vibration,2.53,mm/s
SR-002438,M-303,2026-09-17 14:04:00,vibration,1.89,mm/s
SR-002439,M-303,2026-09-17 22:05:00,vibration,2.98,mm/s
SR-002440,M-303,2026-09-17 06:02:00,bearing_temp,45.2,°C
SR-002441,M-303,2026-09-17 14:03:00,bearing_temp,43.8,°C
SR-002442,M-303,2026-09-17 22:05:00,bearing_temp,45.77,°C
SR-002443,M-303,2026-09-17 06:04:00,spindle_speed,7866.2,RPM
SR-002444,M-303,2026-09-17 14:03:00,spindle_speed,7920.45,RPM
SR-002445,M-303,2026-09-17 22:05:00,spindle_speed,7747.24,RPM
SR-002446,M-303,2026-09-17 06:03:00,power_consumption,17.18,kW
SR-002447,M-303,2026-09-17 14:04:00,power_consumption,18.05,kW
SR-002448,M-303,2026-09-17 22:03:00,power_consumption,16.45,kW
SR-002449,M-303,2026-09-17 06:03:00,coolant_pressure,5.67,bar
SR-002450,M-303,2026-09-17 14:02:00,coolant_pressure,5.85,bar
SR-002451,M-303,2026-09-17 22:05:00,coolant_pressure,5.89,bar
SR-002452,M-401,2026-09-17 06:03:00,vibration,0.79,mm/s
SR-002453,M-401,2026-09-17 14:05:00,vibration,0.77,mm/s
SR-002454,M-401,2026-09-17 22:00:00,vibration,0.51,mm/s
SR-002455,M-401,2026-09-17 06:05:00,bearing_temp,34.97,°C
SR-002456,M-401,2026-09-17 14:01:00,bearing_temp,32.82,°C
SR-002457,M-401,2026-09-17 22:02:00,bearing_temp,36.93,°C
SR-002458,M-401,2026-09-17 06:04:00,power_consumption,5.35,kW
SR-002459,M-401,2026-09-17 14:00:00,power_consumption,4.43,kW
SR-002460,M-401,2026-09-17 22:01:00,power_consumption,4.5,kW
SR-002461,M-402,2026-09-17 06:00:00,vibration,0.64,mm/s
SR-002462,M-402,2026-09-17 14:01:00,vibration,0.94,mm/s
SR-002463,M-402,2026-09-17 22:00:00,vibration,0.6,mm/s
SR-002464,M-402,2026-09-17 06:00:00,bearing_temp,35.48,°C
SR-002465,M-402,2026-09-17 14:04:00,bearing_temp,34.84,°C
SR-002466,M-402,2026-09-17 22:00:00,bearing_temp,36.92,°C
SR-002467,M-402,2026-09-17 06:03:00,power_consumption,4.82,kW
SR-002468,M-402,2026-09-17 14:04:00,power_consumption,3.86,kW
SR-002469,M-402,2026-09-17 22:04:00,power_consumption,4.77,kW
SR-002470,M-501,2026-09-17 06:00:00,vibration,1.94,mm/s
SR-002471,M-501,2026-09-17 14:05:00,vibration,2.87,mm/s
SR-002472,M-501,2026-09-17 22:03:00,vibration,1.96,mm/s
SR-002473,M-501,2026-09-17 06:05:00,bearing_temp,41.29,°C
SR-002474,M-501,2026-09-17 14:04:00,bearing_temp,43.69,°C
SR-002475,M-501,2026-09-17 22:04:00,bearing_temp,42.84,°C
SR-002476,M-501,2026-09-17 06:04:00,spindle_speed,4042.05,RPM
SR-002477,M-501,2026-09-17 14:01:00,spindle_speed,3880.8,RPM
SR-002478,M-501,2026-09-17 22:05:00,spindle_speed,3988.12,RPM
SR-002479,M-501,2026-09-17 06:00:00,power_consumption,15.95,kW
SR-002480,M-501,2026-09-17 14:01:00,power_consumption,15.22,kW
SR-002481,M-501,2026-09-17 22:03:00,power_consumption,15.91,kW
SR-002482,M-501,2026-09-17 06:02:00,coolant_pressure,5.11,bar
SR-002483,M-501,2026-09-17 14:01:00,coolant_pressure,4.86,bar
SR-002484,M-501,2026-09-17 22:04:00,coolant_pressure,4.75,bar
SR-002485,M-502,2026-09-17 06:00:00,vibration,2.74,mm/s
SR-002486,M-502,2026-09-17 14:04:00,vibration,2.25,mm/s
SR-002487,M-502,2026-09-17 22:04:00,vibration,2.06,mm/s
SR-002488,M-502,2026-09-17 06:02:00,bearing_temp,47.59,°C
SR-002489,M-502,2026-09-17 14:01:00,bearing_temp,40.36,°C
SR-002490,M-502,2026-09-17 22:04:00,bearing_temp,46.76,°C
SR-002491,M-502,2026-09-17 06:03:00,spindle_speed,4160.78,RPM
SR-002492,M-502,2026-09-17 14:04:00,spindle_speed,3962.0,RPM
SR-002493,M-502,2026-09-17 22:04:00,spindle_speed,4093.01,RPM
SR-002494,M-502,2026-09-17 06:00:00,power_consumption,15.02,kW
SR-002495,M-502,2026-09-17 14:02:00,power_consumption,13.68,kW
SR-002496,M-502,2026-09-17 22:00:00,power_consumption,14.49,kW
SR-002497,M-502,2026-09-17 06:04:00,coolant_pressure,5.2,bar
SR-002498,M-502,2026-09-17 14:04:00,coolant_pressure,4.41,bar
SR-002499,M-502,2026-09-17 22:03:00,coolant_pressure,5.0,bar
SR-002500,M-101,2026-09-18 06:04:00,vibration,2.83,mm/s
SR-002501,M-101,2026-09-18 14:02:00,vibration,2.1,mm/s
SR-002502,M-101,2026-09-18 22:03:00,vibration,2.43,mm/s
SR-002503,M-101,2026-09-18 06:00:00,bearing_temp,42.34,°C
SR-002504,M-101,2026-09-18 14:03:00,bearing_temp,39.19,°C
SR-002505,M-101,2026-09-18 22:05:00,bearing_temp,45.84,°C
SR-002506,M-101,2026-09-18 06:01:00,spindle_speed,8049.91,RPM
SR-002507,M-101,2026-09-18 14:02:00,spindle_speed,7935.92,RPM
SR-002508,M-101,2026-09-18 22:03:00,spindle_speed,7870.4,RPM
SR-002509,M-101,2026-09-18 06:00:00,power_consumption,19.74,kW
SR-002510,M-101,2026-09-18 14:05:00,power_consumption,17.5,kW
SR-002511,M-101,2026-09-18 22:00:00,power_consumption,18.56,kW
SR-002512,M-101,2026-09-18 06:03:00,coolant_pressure,5.3,bar
SR-002513,M-101,2026-09-18 14:00:00,coolant_pressure,5.24,bar
SR-002514,M-101,2026-09-18 22:04:00,coolant_pressure,5.01,bar
SR-002515,M-102,2026-09-18 06:02:00,vibration,2.81,mm/s
SR-002516,M-102,2026-09-18 14:01:00,vibration,2.21,mm/s
SR-002517,M-102,2026-09-18 22:05:00,vibration,2.65,mm/s
SR-002518,M-102,2026-09-18 06:05:00,bearing_temp,43.54,°C
SR-002519,M-102,2026-09-18 14:05:00,bearing_temp,46.76,°C
SR-002520,M-102,2026-09-18 22:01:00,bearing_temp,44.17,°C
SR-002521,M-102,2026-09-18 06:02:00,spindle_speed,8014.14,RPM
SR-002522,M-102,2026-09-18 14:01:00,spindle_speed,8148.23,RPM
SR-002523,M-102,2026-09-18 22:04:00,spindle_speed,8049.45,RPM
SR-002524,M-102,2026-09-18 06:02:00,power_consumption,20.82,kW
SR-002525,M-102,2026-09-18 14:00:00,power_consumption,18.4,kW
SR-002526,M-102,2026-09-18 22:05:00,power_consumption,18.59,kW
SR-002527,M-102,2026-09-18 06:00:00,coolant_pressure,5.84,bar
SR-002528,M-102,2026-09-18 14:04:00,coolant_pressure,5.4,bar
SR-002529,M-102,2026-09-18 22:02:00,coolant_pressure,6.06,bar
SR-002530,M-201,2026-09-18 06:04:00,vibration,2.75,mm/s
SR-002531,M-201,2026-09-18 14:04:00,vibration,2.57,mm/s
SR-002532,M-201,2026-09-18 22:02:00,vibration,3.98,mm/s
SR-002533,M-201,2026-09-18 06:04:00,bearing_temp,38.48,°C
SR-002534,M-201,2026-09-18 14:02:00,bearing_temp,50.67,°C
SR-002535,M-201,2026-09-18 22:01:00,bearing_temp,44.66,°C
SR-002536,M-201,2026-09-18 06:00:00,power_consumption,47.99,kW
SR-002537,M-201,2026-09-18 14:04:00,power_consumption,41.89,kW
SR-002538,M-201,2026-09-18 22:00:00,power_consumption,44.49,kW
SR-002539,M-201,2026-09-18 06:05:00,coolant_pressure,175.0,bar
SR-002540,M-201,2026-09-18 14:01:00,coolant_pressure,179.92,bar
SR-002541,M-201,2026-09-18 22:04:00,coolant_pressure,177.56,bar
SR-002542,M-202,2026-09-18 06:03:00,vibration,3.07,mm/s
SR-002543,M-202,2026-09-18 14:05:00,vibration,2.97,mm/s
SR-002544,M-202,2026-09-18 22:01:00,vibration,3.06,mm/s
SR-002545,M-202,2026-09-18 06:02:00,bearing_temp,48.66,°C
SR-002546,M-202,2026-09-18 14:04:00,bearing_temp,51.27,°C
SR-002547,M-202,2026-09-18 22:02:00,bearing_temp,51.66,°C
SR-002548,M-202,2026-09-18 06:01:00,power_consumption,43.53,kW
SR-002549,M-202,2026-09-18 14:02:00,power_consumption,44.08,kW
SR-002550,M-202,2026-09-18 22:02:00,power_consumption,52.51,kW
SR-002551,M-202,2026-09-18 06:03:00,coolant_pressure,182.12,bar
SR-002552,M-202,2026-09-18 14:05:00,coolant_pressure,184.81,bar
SR-002553,M-202,2026-09-18 22:03:00,coolant_pressure,180.07,bar
SR-002554,M-301,2026-09-18 06:02:00,vibration,2.02,mm/s
SR-002555,M-301,2026-09-18 14:04:00,vibration,1.9,mm/s
SR-002556,M-301,2026-09-18 22:05:00,vibration,2.56,mm/s
SR-002557,M-301,2026-09-18 06:02:00,bearing_temp,45.18,°C
SR-002558,M-301,2026-09-18 14:01:00,bearing_temp,46.36,°C
SR-002559,M-301,2026-09-18 22:01:00,bearing_temp,39.44,°C
SR-002560,M-301,2026-09-18 06:01:00,spindle_speed,7865.76,RPM
SR-002561,M-301,2026-09-18 14:03:00,spindle_speed,8101.31,RPM
SR-002562,M-301,2026-09-18 22:00:00,spindle_speed,7688.46,RPM
SR-002563,M-301,2026-09-18 06:05:00,power_consumption,18.79,kW
SR-002564,M-301,2026-09-18 14:04:00,power_consumption,19.58,kW
SR-002565,M-301,2026-09-18 22:03:00,power_consumption,16.72,kW
SR-002566,M-301,2026-09-18 06:02:00,coolant_pressure,5.44,bar
SR-002567,M-301,2026-09-18 14:00:00,coolant_pressure,5.5,bar
SR-002568,M-301,2026-09-18 22:03:00,coolant_pressure,6.09,bar
SR-002569,M-302,2026-09-18 06:01:00,vibration,4.68,mm/s
SR-002570,M-302,2026-09-18 14:02:00,vibration,4.64,mm/s
SR-002571,M-302,2026-09-18 22:03:00,vibration,4.08,mm/s
SR-002572,M-302,2026-09-18 06:05:00,bearing_temp,59.78,°C
SR-002573,M-302,2026-09-18 14:04:00,bearing_temp,58.13,°C
SR-002574,M-302,2026-09-18 22:04:00,bearing_temp,61.24,°C
SR-002575,M-302,2026-09-18 06:00:00,spindle_speed,8140.46,RPM
SR-002576,M-302,2026-09-18 14:03:00,spindle_speed,7935.88,RPM
SR-002577,M-302,2026-09-18 22:04:00,spindle_speed,8290.91,RPM
SR-002578,M-302,2026-09-18 06:01:00,power_consumption,20.77,kW
SR-002579,M-302,2026-09-18 14:04:00,power_consumption,16.77,kW
SR-002580,M-302,2026-09-18 22:01:00,power_consumption,17.68,kW
SR-002581,M-302,2026-09-18 06:02:00,coolant_pressure,5.74,bar
SR-002582,M-302,2026-09-18 14:05:00,coolant_pressure,5.47,bar
SR-002583,M-302,2026-09-18 22:03:00,coolant_pressure,4.98,bar
SR-002584,M-303,2026-09-18 06:00:00,vibration,2.35,mm/s
SR-002585,M-303,2026-09-18 14:05:00,vibration,2.16,mm/s
SR-002586,M-303,2026-09-18 22:01:00,vibration,2.62,mm/s
SR-002587,M-303,2026-09-18 06:02:00,bearing_temp,47.9,°C
SR-002588,M-303,2026-09-18 14:03:00,bearing_temp,41.84,°C
SR-002589,M-303,2026-09-18 22:00:00,bearing_temp,42.35,°C
SR-002590,M-303,2026-09-18 06:00:00,spindle_speed,7808.74,RPM
SR-002591,M-303,2026-09-18 14:02:00,spindle_speed,8075.6,RPM
SR-002592,M-303,2026-09-18 22:05:00,spindle_speed,8122.51,RPM
SR-002593,M-303,2026-09-18 06:05:00,power_consumption,17.7,kW
SR-002594,M-303,2026-09-18 14:03:00,power_consumption,19.14,kW
SR-002595,M-303,2026-09-18 22:02:00,power_consumption,17.78,kW
SR-002596,M-303,2026-09-18 06:05:00,coolant_pressure,5.82,bar
SR-002597,M-303,2026-09-18 14:03:00,coolant_pressure,4.83,bar
SR-002598,M-303,2026-09-18 22:01:00,coolant_pressure,5.1,bar
SR-002599,M-401,2026-09-18 06:05:00,vibration,0.81,mm/s
SR-002600,M-401,2026-09-18 14:01:00,vibration,0.83,mm/s
SR-002601,M-401,2026-09-18 22:05:00,vibration,0.61,mm/s
SR-002602,M-401,2026-09-18 06:05:00,bearing_temp,30.96,°C
SR-002603,M-401,2026-09-18 14:00:00,bearing_temp,36.06,°C
SR-002604,M-401,2026-09-18 22:00:00,bearing_temp,35.58,°C
SR-002605,M-401,2026-09-18 06:04:00,power_consumption,5.95,kW
SR-002606,M-401,2026-09-18 14:00:00,power_consumption,5.4,kW
SR-002607,M-401,2026-09-18 22:00:00,power_consumption,5.5,kW
SR-002608,M-402,2026-09-18 06:00:00,vibration,0.82,mm/s
SR-002609,M-402,2026-09-18 14:05:00,vibration,0.79,mm/s
SR-002610,M-402,2026-09-18 22:03:00,vibration,0.89,mm/s
SR-002611,M-402,2026-09-18 06:02:00,bearing_temp,34.45,°C
SR-002612,M-402,2026-09-18 14:03:00,bearing_temp,36.4,°C
SR-002613,M-402,2026-09-18 22:01:00,bearing_temp,34.26,°C
SR-002614,M-402,2026-09-18 06:00:00,power_consumption,4.81,kW
SR-002615,M-402,2026-09-18 14:02:00,power_consumption,5.46,kW
SR-002616,M-402,2026-09-18 22:03:00,power_consumption,5.1,kW
SR-002617,M-501,2026-09-18 06:02:00,vibration,1.44,mm/s
SR-002618,M-501,2026-09-18 14:04:00,vibration,2.36,mm/s
SR-002619,M-501,2026-09-18 22:05:00,vibration,1.24,mm/s
SR-002620,M-501,2026-09-18 06:04:00,bearing_temp,45.47,°C
SR-002621,M-501,2026-09-18 14:05:00,bearing_temp,44.64,°C
SR-002622,M-501,2026-09-18 22:05:00,bearing_temp,46.33,°C
SR-002623,M-501,2026-09-18 06:04:00,spindle_speed,3860.26,RPM
SR-002624,M-501,2026-09-18 14:05:00,spindle_speed,3839.78,RPM
SR-002625,M-501,2026-09-18 22:02:00,spindle_speed,3909.13,RPM
SR-002626,M-501,2026-09-18 06:03:00,power_consumption,14.13,kW
SR-002627,M-501,2026-09-18 14:03:00,power_consumption,12.69,kW
SR-002628,M-501,2026-09-18 22:02:00,power_consumption,14.41,kW
SR-002629,M-501,2026-09-18 06:02:00,coolant_pressure,4.86,bar
SR-002630,M-501,2026-09-18 14:00:00,coolant_pressure,5.16,bar
SR-002631,M-501,2026-09-18 22:01:00,coolant_pressure,5.51,bar
SR-002632,M-502,2026-09-18 06:02:00,vibration,2.2,mm/s
SR-002633,M-502,2026-09-18 14:05:00,vibration,2.1,mm/s
SR-002634,M-502,2026-09-18 22:03:00,vibration,2.62,mm/s
SR-002635,M-502,2026-09-18 06:00:00,bearing_temp,45.69,°C
SR-002636,M-502,2026-09-18 14:03:00,bearing_temp,42.07,°C
SR-002637,M-502,2026-09-18 22:00:00,bearing_temp,44.0,°C
SR-002638,M-502,2026-09-18 06:04:00,spindle_speed,3806.88,RPM
SR-002639,M-502,2026-09-18 14:04:00,spindle_speed,3891.67,RPM
SR-002640,M-502,2026-09-18 22:03:00,spindle_speed,4110.19,RPM
SR-002641,M-502,2026-09-18 06:05:00,power_consumption,14.43,kW
SR-002642,M-502,2026-09-18 14:05:00,power_consumption,15.44,kW
SR-002643,M-502,2026-09-18 22:02:00,power_consumption,14.1,kW
SR-002644,M-502,2026-09-18 06:00:00,coolant_pressure,5.16,bar
SR-002645,M-502,2026-09-18 14:04:00,coolant_pressure,4.84,bar
SR-002646,M-502,2026-09-18 22:05:00,coolant_pressure,5.09,bar
SR-002647,M-101,2026-09-19 06:05:00,vibration,2.27,mm/s
SR-002648,M-101,2026-09-19 14:04:00,vibration,2.1,mm/s
SR-002649,M-101,2026-09-19 22:00:00,vibration,2.55,mm/s
SR-002650,M-101,2026-09-19 06:01:00,bearing_temp,42.11,°C
SR-002651,M-101,2026-09-19 14:03:00,bearing_temp,45.95,°C
SR-002652,M-101,2026-09-19 22:04:00,bearing_temp,46.1,°C
SR-002653,M-101,2026-09-19 06:03:00,spindle_speed,7703.02,RPM
SR-002654,M-101,2026-09-19 14:01:00,spindle_speed,8090.82,RPM
SR-002655,M-101,2026-09-19 22:04:00,spindle_speed,7950.65,RPM
SR-002656,M-101,2026-09-19 06:00:00,power_consumption,18.78,kW
SR-002657,M-101,2026-09-19 14:02:00,power_consumption,18.27,kW
SR-002658,M-101,2026-09-19 22:01:00,power_consumption,18.64,kW
SR-002659,M-101,2026-09-19 06:01:00,coolant_pressure,5.4,bar
SR-002660,M-101,2026-09-19 14:00:00,coolant_pressure,5.03,bar
SR-002661,M-101,2026-09-19 22:02:00,coolant_pressure,5.7,bar
SR-002662,M-102,2026-09-19 06:03:00,vibration,2.78,mm/s
SR-002663,M-102,2026-09-19 14:02:00,vibration,2.13,mm/s
SR-002664,M-102,2026-09-19 22:03:00,vibration,3.06,mm/s
SR-002665,M-102,2026-09-19 06:00:00,bearing_temp,44.75,°C
SR-002666,M-102,2026-09-19 14:01:00,bearing_temp,44.28,°C
SR-002667,M-102,2026-09-19 22:00:00,bearing_temp,49.87,°C
SR-002668,M-102,2026-09-19 06:04:00,spindle_speed,8119.25,RPM
SR-002669,M-102,2026-09-19 14:02:00,spindle_speed,7871.62,RPM
SR-002670,M-102,2026-09-19 22:03:00,spindle_speed,8024.37,RPM
SR-002671,M-102,2026-09-19 06:05:00,power_consumption,18.36,kW
SR-002672,M-102,2026-09-19 14:01:00,power_consumption,17.33,kW
SR-002673,M-102,2026-09-19 22:01:00,power_consumption,14.95,kW
SR-002674,M-102,2026-09-19 06:05:00,coolant_pressure,6.04,bar
SR-002675,M-102,2026-09-19 14:05:00,coolant_pressure,5.7,bar
SR-002676,M-102,2026-09-19 22:00:00,coolant_pressure,5.49,bar
SR-002677,M-201,2026-09-19 06:03:00,vibration,1.59,mm/s
SR-002678,M-201,2026-09-19 14:03:00,vibration,2.81,mm/s
SR-002679,M-201,2026-09-19 22:02:00,vibration,2.82,mm/s
SR-002680,M-201,2026-09-19 06:01:00,bearing_temp,46.86,°C
SR-002681,M-201,2026-09-19 14:04:00,bearing_temp,49.19,°C
SR-002682,M-201,2026-09-19 22:04:00,bearing_temp,49.15,°C
SR-002683,M-201,2026-09-19 06:02:00,power_consumption,47.47,kW
SR-002684,M-201,2026-09-19 14:01:00,power_consumption,47.39,kW
SR-002685,M-201,2026-09-19 22:05:00,power_consumption,44.37,kW
SR-002686,M-201,2026-09-19 06:01:00,coolant_pressure,181.26,bar
SR-002687,M-201,2026-09-19 14:03:00,coolant_pressure,183.62,bar
SR-002688,M-201,2026-09-19 22:02:00,coolant_pressure,179.39,bar
SR-002689,M-202,2026-09-19 06:04:00,vibration,3.89,mm/s
SR-002690,M-202,2026-09-19 14:00:00,vibration,3.08,mm/s
SR-002691,M-202,2026-09-19 22:00:00,vibration,2.7,mm/s
SR-002692,M-202,2026-09-19 06:04:00,bearing_temp,51.82,°C
SR-002693,M-202,2026-09-19 14:04:00,bearing_temp,50.95,°C
SR-002694,M-202,2026-09-19 22:01:00,bearing_temp,45.56,°C
SR-002695,M-202,2026-09-19 06:01:00,power_consumption,44.1,kW
SR-002696,M-202,2026-09-19 14:03:00,power_consumption,45.94,kW
SR-002697,M-202,2026-09-19 22:05:00,power_consumption,48.5,kW
SR-002698,M-202,2026-09-19 06:00:00,coolant_pressure,183.77,bar
SR-002699,M-202,2026-09-19 14:05:00,coolant_pressure,186.69,bar
SR-002700,M-202,2026-09-19 22:04:00,coolant_pressure,182.64,bar
SR-002701,M-301,2026-09-19 06:01:00,vibration,2.45,mm/s
SR-002702,M-301,2026-09-19 14:02:00,vibration,2.2,mm/s
SR-002703,M-301,2026-09-19 22:02:00,vibration,3.1,mm/s
SR-002704,M-301,2026-09-19 06:03:00,bearing_temp,44.39,°C
SR-002705,M-301,2026-09-19 14:03:00,bearing_temp,44.93,°C
SR-002706,M-301,2026-09-19 22:02:00,bearing_temp,44.38,°C
SR-002707,M-301,2026-09-19 06:00:00,spindle_speed,7975.66,RPM
SR-002708,M-301,2026-09-19 14:03:00,spindle_speed,7850.01,RPM
SR-002709,M-301,2026-09-19 22:04:00,spindle_speed,7931.11,RPM
SR-002710,M-301,2026-09-19 06:05:00,power_consumption,16.15,kW
SR-002711,M-301,2026-09-19 14:04:00,power_consumption,16.06,kW
SR-002712,M-301,2026-09-19 22:02:00,power_consumption,18.12,kW
SR-002713,M-301,2026-09-19 06:04:00,coolant_pressure,5.35,bar
SR-002714,M-301,2026-09-19 14:04:00,coolant_pressure,5.8,bar
SR-002715,M-301,2026-09-19 22:03:00,coolant_pressure,5.7,bar
SR-002716,M-302,2026-09-19 06:02:00,vibration,5.1,mm/s
SR-002717,M-302,2026-09-19 14:03:00,vibration,4.94,mm/s
SR-002718,M-302,2026-09-19 22:00:00,vibration,4.41,mm/s
SR-002719,M-302,2026-09-19 06:05:00,bearing_temp,61.18,°C
SR-002720,M-302,2026-09-19 14:01:00,bearing_temp,57.9,°C
SR-002721,M-302,2026-09-19 22:02:00,bearing_temp,63.19,°C
SR-002722,M-302,2026-09-19 06:04:00,spindle_speed,7813.38,RPM
SR-002723,M-302,2026-09-19 14:05:00,spindle_speed,8022.5,RPM
SR-002724,M-302,2026-09-19 22:04:00,spindle_speed,8318.78,RPM
SR-002725,M-302,2026-09-19 06:05:00,power_consumption,19.33,kW
SR-002726,M-302,2026-09-19 14:03:00,power_consumption,18.04,kW
SR-002727,M-302,2026-09-19 22:02:00,power_consumption,19.01,kW
SR-002728,M-302,2026-09-19 06:02:00,coolant_pressure,5.33,bar
SR-002729,M-302,2026-09-19 14:00:00,coolant_pressure,5.28,bar
SR-002730,M-302,2026-09-19 22:04:00,coolant_pressure,5.64,bar
SR-002731,M-303,2026-09-19 06:01:00,vibration,2.34,mm/s
SR-002732,M-303,2026-09-19 14:01:00,vibration,2.3,mm/s
SR-002733,M-303,2026-09-19 22:03:00,vibration,2.59,mm/s
SR-002734,M-303,2026-09-19 06:01:00,bearing_temp,43.56,°C
SR-002735,M-303,2026-09-19 14:03:00,bearing_temp,48.18,°C
SR-002736,M-303,2026-09-19 22:05:00,bearing_temp,47.27,°C
SR-002737,M-303,2026-09-19 06:04:00,spindle_speed,7720.84,RPM
SR-002738,M-303,2026-09-19 14:02:00,spindle_speed,8017.72,RPM
SR-002739,M-303,2026-09-19 22:05:00,spindle_speed,8134.58,RPM
SR-002740,M-303,2026-09-19 06:00:00,power_consumption,18.32,kW
SR-002741,M-303,2026-09-19 14:05:00,power_consumption,21.37,kW
SR-002742,M-303,2026-09-19 22:03:00,power_consumption,18.28,kW
SR-002743,M-303,2026-09-19 06:03:00,coolant_pressure,6.01,bar
SR-002744,M-303,2026-09-19 14:05:00,coolant_pressure,5.25,bar
SR-002745,M-303,2026-09-19 22:03:00,coolant_pressure,5.86,bar
SR-002746,M-401,2026-09-19 06:02:00,vibration,0.87,mm/s
SR-002747,M-401,2026-09-19 14:04:00,vibration,0.81,mm/s
SR-002748,M-401,2026-09-19 22:02:00,vibration,0.75,mm/s
SR-002749,M-401,2026-09-19 06:02:00,bearing_temp,31.8,°C
SR-002750,M-401,2026-09-19 14:00:00,bearing_temp,34.41,°C
SR-002751,M-401,2026-09-19 22:00:00,bearing_temp,39.78,°C
SR-002752,M-401,2026-09-19 06:00:00,power_consumption,4.57,kW
SR-002753,M-401,2026-09-19 14:01:00,power_consumption,4.9,kW
SR-002754,M-401,2026-09-19 22:01:00,power_consumption,4.39,kW
SR-002755,M-402,2026-09-19 06:05:00,vibration,0.69,mm/s
SR-002756,M-402,2026-09-19 14:01:00,vibration,0.78,mm/s
SR-002757,M-402,2026-09-19 22:05:00,vibration,0.62,mm/s
SR-002758,M-402,2026-09-19 06:00:00,bearing_temp,34.08,°C
SR-002759,M-402,2026-09-19 14:05:00,bearing_temp,35.27,°C
SR-002760,M-402,2026-09-19 22:03:00,bearing_temp,32.39,°C
SR-002761,M-402,2026-09-19 06:00:00,power_consumption,4.84,kW
SR-002762,M-402,2026-09-19 14:01:00,power_consumption,4.5,kW
SR-002763,M-402,2026-09-19 22:04:00,power_consumption,5.17,kW
SR-002764,M-501,2026-09-19 06:02:00,vibration,1.73,mm/s
SR-002765,M-501,2026-09-19 14:04:00,vibration,1.94,mm/s
SR-002766,M-501,2026-09-19 22:03:00,vibration,1.8,mm/s
SR-002767,M-501,2026-09-19 06:04:00,bearing_temp,48.42,°C
SR-002768,M-501,2026-09-19 14:02:00,bearing_temp,40.59,°C
SR-002769,M-501,2026-09-19 22:05:00,bearing_temp,44.59,°C
SR-002770,M-501,2026-09-19 06:03:00,spindle_speed,3859.2,RPM
SR-002771,M-501,2026-09-19 14:01:00,spindle_speed,4067.16,RPM
SR-002772,M-501,2026-09-19 22:04:00,spindle_speed,3870.52,RPM
SR-002773,M-501,2026-09-19 06:04:00,power_consumption,13.77,kW
SR-002774,M-501,2026-09-19 14:05:00,power_consumption,14.64,kW
SR-002775,M-501,2026-09-19 22:03:00,power_consumption,14.91,kW
SR-002776,M-501,2026-09-19 06:03:00,coolant_pressure,5.7,bar
SR-002777,M-501,2026-09-19 14:02:00,coolant_pressure,5.07,bar
SR-002778,M-501,2026-09-19 22:04:00,coolant_pressure,5.0,bar
SR-002779,M-502,2026-09-19 06:02:00,vibration,2.39,mm/s
SR-002780,M-502,2026-09-19 14:00:00,vibration,2.22,mm/s
SR-002781,M-502,2026-09-19 22:02:00,vibration,2.12,mm/s
SR-002782,M-502,2026-09-19 06:00:00,bearing_temp,44.68,°C
SR-002783,M-502,2026-09-19 14:02:00,bearing_temp,43.81,°C
SR-002784,M-502,2026-09-19 22:04:00,bearing_temp,37.06,°C
SR-002785,M-502,2026-09-19 06:04:00,spindle_speed,3805.43,RPM
SR-002786,M-502,2026-09-19 14:01:00,spindle_speed,3986.2,RPM
SR-002787,M-502,2026-09-19 22:01:00,spindle_speed,4138.22,RPM
SR-002788,M-502,2026-09-19 06:01:00,power_consumption,15.74,kW
SR-002789,M-502,2026-09-19 14:01:00,power_consumption,14.76,kW
SR-002790,M-502,2026-09-19 22:01:00,power_consumption,17.51,kW
SR-002791,M-502,2026-09-19 06:04:00,coolant_pressure,4.99,bar
SR-002792,M-502,2026-09-19 14:03:00,coolant_pressure,5.21,bar
SR-002793,M-502,2026-09-19 22:00:00,coolant_pressure,4.84,bar
SR-002794,M-101,2026-09-20 06:05:00,vibration,2.28,mm/s
SR-002795,M-101,2026-09-20 14:03:00,vibration,2.19,mm/s
SR-002796,M-101,2026-09-20 22:05:00,vibration,2.81,mm/s
SR-002797,M-101,2026-09-20 06:00:00,bearing_temp,43.38,°C
SR-002798,M-101,2026-09-20 14:04:00,bearing_temp,39.69,°C
SR-002799,M-101,2026-09-20 22:04:00,bearing_temp,44.48,°C
SR-002800,M-101,2026-09-20 06:03:00,spindle_speed,7956.97,RPM
SR-002801,M-101,2026-09-20 14:02:00,spindle_speed,8059.77,RPM
SR-002802,M-101,2026-09-20 22:02:00,spindle_speed,8032.12,RPM
SR-002803,M-101,2026-09-20 06:00:00,power_consumption,19.17,kW
SR-002804,M-101,2026-09-20 14:01:00,power_consumption,16.9,kW
SR-002805,M-101,2026-09-20 22:00:00,power_consumption,17.96,kW
SR-002806,M-101,2026-09-20 06:05:00,coolant_pressure,4.92,bar
SR-002807,M-101,2026-09-20 14:02:00,coolant_pressure,5.55,bar
SR-002808,M-101,2026-09-20 22:04:00,coolant_pressure,5.21,bar
SR-002809,M-102,2026-09-20 06:01:00,vibration,2.88,mm/s
SR-002810,M-102,2026-09-20 14:02:00,vibration,2.53,mm/s
SR-002811,M-102,2026-09-20 22:00:00,vibration,2.12,mm/s
SR-002812,M-102,2026-09-20 06:05:00,bearing_temp,44.97,°C
SR-002813,M-102,2026-09-20 14:03:00,bearing_temp,44.65,°C
SR-002814,M-102,2026-09-20 22:04:00,bearing_temp,42.02,°C
SR-002815,M-102,2026-09-20 06:03:00,spindle_speed,7922.63,RPM
SR-002816,M-102,2026-09-20 14:02:00,spindle_speed,7960.42,RPM
SR-002817,M-102,2026-09-20 22:02:00,spindle_speed,8025.64,RPM
SR-002818,M-102,2026-09-20 06:00:00,power_consumption,17.17,kW
SR-002819,M-102,2026-09-20 14:04:00,power_consumption,15.55,kW
SR-002820,M-102,2026-09-20 22:03:00,power_consumption,18.37,kW
SR-002821,M-102,2026-09-20 06:03:00,coolant_pressure,5.48,bar
SR-002822,M-102,2026-09-20 14:05:00,coolant_pressure,5.8,bar
SR-002823,M-102,2026-09-20 22:04:00,coolant_pressure,5.61,bar
SR-002824,M-201,2026-09-20 06:01:00,vibration,3.2,mm/s
SR-002825,M-201,2026-09-20 14:01:00,vibration,2.28,mm/s
SR-002826,M-201,2026-09-20 22:04:00,vibration,3.06,mm/s
SR-002827,M-201,2026-09-20 06:01:00,bearing_temp,45.13,°C
SR-002828,M-201,2026-09-20 14:01:00,bearing_temp,45.65,°C
SR-002829,M-201,2026-09-20 22:02:00,bearing_temp,56.24,°C
SR-002830,M-201,2026-09-20 06:05:00,power_consumption,47.26,kW
SR-002831,M-201,2026-09-20 14:05:00,power_consumption,46.15,kW
SR-002832,M-201,2026-09-20 22:03:00,power_consumption,44.4,kW
SR-002833,M-201,2026-09-20 06:02:00,coolant_pressure,175.9,bar
SR-002834,M-201,2026-09-20 14:02:00,coolant_pressure,182.14,bar
SR-002835,M-201,2026-09-20 22:02:00,coolant_pressure,179.08,bar
SR-002836,M-202,2026-09-20 06:01:00,vibration,2.94,mm/s
SR-002837,M-202,2026-09-20 14:03:00,vibration,3.69,mm/s
SR-002838,M-202,2026-09-20 22:04:00,vibration,2.95,mm/s
SR-002839,M-202,2026-09-20 06:01:00,bearing_temp,50.74,°C
SR-002840,M-202,2026-09-20 14:01:00,bearing_temp,50.96,°C
SR-002841,M-202,2026-09-20 22:05:00,bearing_temp,49.08,°C
SR-002842,M-202,2026-09-20 06:00:00,power_consumption,43.39,kW
SR-002843,M-202,2026-09-20 14:04:00,power_consumption,45.76,kW
SR-002844,M-202,2026-09-20 22:01:00,power_consumption,45.65,kW
SR-002845,M-202,2026-09-20 06:00:00,coolant_pressure,186.29,bar
SR-002846,M-202,2026-09-20 14:02:00,coolant_pressure,173.2,bar
SR-002847,M-202,2026-09-20 22:03:00,coolant_pressure,179.16,bar
SR-002848,M-301,2026-09-20 06:03:00,vibration,2.22,mm/s
SR-002849,M-301,2026-09-20 14:04:00,vibration,2.67,mm/s
SR-002850,M-301,2026-09-20 22:01:00,vibration,2.44,mm/s
SR-002851,M-301,2026-09-20 06:02:00,bearing_temp,46.05,°C
SR-002852,M-301,2026-09-20 14:04:00,bearing_temp,48.5,°C
SR-002853,M-301,2026-09-20 22:01:00,bearing_temp,40.17,°C
SR-002854,M-301,2026-09-20 06:05:00,spindle_speed,8034.45,RPM
SR-002855,M-301,2026-09-20 14:04:00,spindle_speed,7987.81,RPM
SR-002856,M-301,2026-09-20 22:05:00,spindle_speed,7963.45,RPM
SR-002857,M-301,2026-09-20 06:00:00,power_consumption,16.86,kW
SR-002858,M-301,2026-09-20 14:02:00,power_consumption,17.81,kW
SR-002859,M-301,2026-09-20 22:02:00,power_consumption,18.71,kW
SR-002860,M-301,2026-09-20 06:00:00,coolant_pressure,5.94,bar
SR-002861,M-301,2026-09-20 14:00:00,coolant_pressure,4.79,bar
SR-002862,M-301,2026-09-20 22:03:00,coolant_pressure,5.66,bar
SR-002863,M-302,2026-09-20 06:05:00,vibration,4.76,mm/s
SR-002864,M-302,2026-09-20 14:02:00,vibration,4.62,mm/s
SR-002865,M-302,2026-09-20 22:05:00,vibration,5.06,mm/s
SR-002866,M-302,2026-09-20 06:03:00,bearing_temp,61.79,°C
SR-002867,M-302,2026-09-20 14:05:00,bearing_temp,62.42,°C
SR-002868,M-302,2026-09-20 22:00:00,bearing_temp,64.48,°C
SR-002869,M-302,2026-09-20 06:04:00,spindle_speed,8189.55,RPM
SR-002870,M-302,2026-09-20 14:04:00,spindle_speed,7869.21,RPM
SR-002871,M-302,2026-09-20 22:03:00,spindle_speed,8113.33,RPM
SR-002872,M-302,2026-09-20 06:04:00,power_consumption,19.68,kW
SR-002873,M-302,2026-09-20 14:01:00,power_consumption,19.43,kW
SR-002874,M-302,2026-09-20 22:04:00,power_consumption,19.01,kW
SR-002875,M-302,2026-09-20 06:05:00,coolant_pressure,5.38,bar
SR-002876,M-302,2026-09-20 14:01:00,coolant_pressure,5.83,bar
SR-002877,M-302,2026-09-20 22:02:00,coolant_pressure,5.95,bar
SR-002878,M-303,2026-09-20 06:05:00,vibration,2.47,mm/s
SR-002879,M-303,2026-09-20 14:04:00,vibration,1.97,mm/s
SR-002880,M-303,2026-09-20 22:02:00,vibration,3.66,mm/s
SR-002881,M-303,2026-09-20 06:03:00,bearing_temp,46.59,°C
SR-002882,M-303,2026-09-20 14:00:00,bearing_temp,41.11,°C
SR-002883,M-303,2026-09-20 22:01:00,bearing_temp,51.88,°C
SR-002884,M-303,2026-09-20 06:01:00,spindle_speed,7832.17,RPM
SR-002885,M-303,2026-09-20 14:01:00,spindle_speed,7891.06,RPM
SR-002886,M-303,2026-09-20 22:00:00,spindle_speed,8167.48,RPM
SR-002887,M-303,2026-09-20 06:05:00,power_consumption,17.77,kW
SR-002888,M-303,2026-09-20 14:04:00,power_consumption,16.2,kW
SR-002889,M-303,2026-09-20 22:03:00,power_consumption,19.59,kW
SR-002890,M-303,2026-09-20 06:01:00,coolant_pressure,5.17,bar
SR-002891,M-303,2026-09-20 14:02:00,coolant_pressure,5.22,bar
SR-002892,M-303,2026-09-20 22:04:00,coolant_pressure,5.36,bar
SR-002893,M-401,2026-09-20 06:01:00,vibration,0.71,mm/s
SR-002894,M-401,2026-09-20 14:05:00,vibration,0.96,mm/s
SR-002895,M-401,2026-09-20 22:01:00,vibration,0.92,mm/s
SR-002896,M-401,2026-09-20 06:01:00,bearing_temp,36.91,°C
SR-002897,M-401,2026-09-20 14:04:00,bearing_temp,33.87,°C
SR-002898,M-401,2026-09-20 22:01:00,bearing_temp,37.91,°C
SR-002899,M-401,2026-09-20 06:01:00,power_consumption,4.01,kW
SR-002900,M-401,2026-09-20 14:05:00,power_consumption,5.47,kW
SR-002901,M-401,2026-09-20 22:02:00,power_consumption,6.02,kW
SR-002902,M-402,2026-09-20 06:00:00,vibration,0.66,mm/s
SR-002903,M-402,2026-09-20 14:00:00,vibration,0.46,mm/s
SR-002904,M-402,2026-09-20 22:01:00,vibration,0.67,mm/s
SR-002905,M-402,2026-09-20 06:05:00,bearing_temp,33.3,°C
SR-002906,M-402,2026-09-20 14:00:00,bearing_temp,38.75,°C
SR-002907,M-402,2026-09-20 22:03:00,bearing_temp,35.4,°C
SR-002908,M-402,2026-09-20 06:03:00,power_consumption,3.97,kW
SR-002909,M-402,2026-09-20 14:05:00,power_consumption,4.73,kW
SR-002910,M-402,2026-09-20 22:05:00,power_consumption,5.78,kW
SR-002911,M-501,2026-09-20 06:00:00,vibration,2.1,mm/s
SR-002912,M-501,2026-09-20 14:01:00,vibration,2.86,mm/s
SR-002913,M-501,2026-09-20 22:04:00,vibration,2.46,mm/s
SR-002914,M-501,2026-09-20 06:04:00,bearing_temp,47.28,°C
SR-002915,M-501,2026-09-20 14:01:00,bearing_temp,42.62,°C
SR-002916,M-501,2026-09-20 22:04:00,bearing_temp,46.54,°C
SR-002917,M-501,2026-09-20 06:02:00,spindle_speed,4028.11,RPM
SR-002918,M-501,2026-09-20 14:00:00,spindle_speed,4250.04,RPM
SR-002919,M-501,2026-09-20 22:04:00,spindle_speed,3928.85,RPM
SR-002920,M-501,2026-09-20 06:04:00,power_consumption,13.61,kW
SR-002921,M-501,2026-09-20 14:01:00,power_consumption,13.13,kW
SR-002922,M-501,2026-09-20 22:03:00,power_consumption,15.37,kW
SR-002923,M-501,2026-09-20 06:01:00,coolant_pressure,4.85,bar
SR-002924,M-501,2026-09-20 14:01:00,coolant_pressure,5.01,bar
SR-002925,M-501,2026-09-20 22:00:00,coolant_pressure,5.46,bar
SR-002926,M-502,2026-09-20 06:02:00,vibration,2.32,mm/s
SR-002927,M-502,2026-09-20 14:05:00,vibration,2.44,mm/s
SR-002928,M-502,2026-09-20 22:01:00,vibration,2.12,mm/s
SR-002929,M-502,2026-09-20 06:03:00,bearing_temp,43.05,°C
SR-002930,M-502,2026-09-20 14:04:00,bearing_temp,42.08,°C
SR-002931,M-502,2026-09-20 22:03:00,bearing_temp,40.79,°C
SR-002932,M-502,2026-09-20 06:01:00,spindle_speed,4008.4,RPM
SR-002933,M-502,2026-09-20 14:04:00,spindle_speed,3766.87,RPM
SR-002934,M-502,2026-09-20 22:05:00,spindle_speed,4114.11,RPM
SR-002935,M-502,2026-09-20 06:03:00,power_consumption,15.86,kW
SR-002936,M-502,2026-09-20 14:04:00,power_consumption,13.29,kW
SR-002937,M-502,2026-09-20 22:04:00,power_consumption,16.45,kW
SR-002938,M-502,2026-09-20 06:04:00,coolant_pressure,4.88,bar
SR-002939,M-502,2026-09-20 14:00:00,coolant_pressure,4.75,bar
SR-002940,M-502,2026-09-20 22:04:00,coolant_pressure,4.7,bar
SR-002941,M-101,2026-09-21 06:00:00,vibration,2.74,mm/s
SR-002942,M-101,2026-09-21 14:01:00,vibration,2.68,mm/s
SR-002943,M-101,2026-09-21 22:05:00,vibration,2.0,mm/s
SR-002944,M-101,2026-09-21 06:00:00,bearing_temp,44.65,°C
SR-002945,M-101,2026-09-21 14:05:00,bearing_temp,41.62,°C
SR-002946,M-101,2026-09-21 22:00:00,bearing_temp,43.72,°C
SR-002947,M-101,2026-09-21 06:02:00,spindle_speed,8079.42,RPM
SR-002948,M-101,2026-09-21 14:02:00,spindle_speed,8200.04,RPM
SR-002949,M-101,2026-09-21 22:04:00,spindle_speed,7796.58,RPM
SR-002950,M-101,2026-09-21 06:00:00,power_consumption,18.38,kW
SR-002951,M-101,2026-09-21 14:03:00,power_consumption,16.8,kW
SR-002952,M-101,2026-09-21 22:05:00,power_consumption,14.98,kW
SR-002953,M-101,2026-09-21 06:00:00,coolant_pressure,5.04,bar
SR-002954,M-101,2026-09-21 14:01:00,coolant_pressure,5.64,bar
SR-002955,M-101,2026-09-21 22:05:00,coolant_pressure,5.63,bar
SR-002956,M-102,2026-09-21 06:04:00,vibration,1.47,mm/s
SR-002957,M-102,2026-09-21 14:03:00,vibration,2.67,mm/s
SR-002958,M-102,2026-09-21 22:00:00,vibration,2.71,mm/s
SR-002959,M-102,2026-09-21 06:05:00,bearing_temp,46.73,°C
SR-002960,M-102,2026-09-21 14:01:00,bearing_temp,48.61,°C
SR-002961,M-102,2026-09-21 22:02:00,bearing_temp,45.96,°C
SR-002962,M-102,2026-09-21 06:05:00,spindle_speed,7941.5,RPM
SR-002963,M-102,2026-09-21 14:01:00,spindle_speed,7812.38,RPM
SR-002964,M-102,2026-09-21 22:05:00,spindle_speed,7746.56,RPM
SR-002965,M-102,2026-09-21 06:05:00,power_consumption,17.93,kW
SR-002966,M-102,2026-09-21 14:03:00,power_consumption,17.35,kW
SR-002967,M-102,2026-09-21 22:05:00,power_consumption,17.58,kW
SR-002968,M-102,2026-09-21 06:03:00,coolant_pressure,5.41,bar
SR-002969,M-102,2026-09-21 14:04:00,coolant_pressure,5.38,bar
SR-002970,M-102,2026-09-21 22:01:00,coolant_pressure,4.69,bar
SR-002971,M-201,2026-09-21 06:01:00,vibration,2.65,mm/s
SR-002972,M-201,2026-09-21 14:02:00,vibration,3.34,mm/s
SR-002973,M-201,2026-09-21 22:01:00,vibration,2.33,mm/s
SR-002974,M-201,2026-09-21 06:01:00,bearing_temp,47.65,°C
SR-002975,M-201,2026-09-21 14:05:00,bearing_temp,51.71,°C
SR-002976,M-201,2026-09-21 22:00:00,bearing_temp,48.16,°C
SR-002977,M-201,2026-09-21 06:03:00,power_consumption,42.74,kW
SR-002978,M-201,2026-09-21 14:02:00,power_consumption,46.25,kW
SR-002979,M-201,2026-09-21 22:01:00,power_consumption,43.95,kW
SR-002980,M-201,2026-09-21 06:01:00,coolant_pressure,178.22,bar
SR-002981,M-201,2026-09-21 14:00:00,coolant_pressure,188.51,bar
SR-002982,M-201,2026-09-21 22:03:00,coolant_pressure,180.19,bar
SR-002983,M-202,2026-09-21 06:00:00,vibration,2.41,mm/s
SR-002984,M-202,2026-09-21 14:04:00,vibration,3.01,mm/s
SR-002985,M-202,2026-09-21 22:04:00,vibration,3.27,mm/s
SR-002986,M-202,2026-09-21 06:05:00,bearing_temp,48.02,°C
SR-002987,M-202,2026-09-21 14:00:00,bearing_temp,45.94,°C
SR-002988,M-202,2026-09-21 22:04:00,bearing_temp,50.62,°C
SR-002989,M-202,2026-09-21 06:04:00,power_consumption,43.18,kW
SR-002990,M-202,2026-09-21 14:02:00,power_consumption,43.68,kW
SR-002991,M-202,2026-09-21 22:01:00,power_consumption,42.2,kW
SR-002992,M-202,2026-09-21 06:00:00,coolant_pressure,175.64,bar
SR-002993,M-202,2026-09-21 14:02:00,coolant_pressure,180.67,bar
SR-002994,M-202,2026-09-21 22:00:00,coolant_pressure,181.54,bar
SR-002995,M-301,2026-09-21 06:04:00,vibration,2.46,mm/s
SR-002996,M-301,2026-09-21 14:04:00,vibration,2.48,mm/s
SR-002997,M-301,2026-09-21 22:00:00,vibration,2.13,mm/s
SR-002998,M-301,2026-09-21 06:00:00,bearing_temp,51.44,°C
SR-002999,M-301,2026-09-21 14:05:00,bearing_temp,43.37,°C
SR-003000,M-301,2026-09-21 22:02:00,bearing_temp,45.94,°C
SR-003001,M-301,2026-09-21 06:04:00,spindle_speed,7765.0,RPM
SR-003002,M-301,2026-09-21 14:04:00,spindle_speed,7802.87,RPM
SR-003003,M-301,2026-09-21 22:03:00,spindle_speed,8029.03,RPM
SR-003004,M-301,2026-09-21 06:05:00,power_consumption,17.09,kW
SR-003005,M-301,2026-09-21 14:00:00,power_consumption,14.95,kW
SR-003006,M-301,2026-09-21 22:02:00,power_consumption,16.35,kW
SR-003007,M-301,2026-09-21 06:00:00,coolant_pressure,5.22,bar
SR-003008,M-301,2026-09-21 14:03:00,coolant_pressure,6.07,bar
SR-003009,M-301,2026-09-21 22:03:00,coolant_pressure,5.56,bar
SR-003010,M-302,2026-09-21 06:01:00,vibration,5.16,mm/s
SR-003011,M-302,2026-09-21 14:02:00,vibration,5.71,mm/s
SR-003012,M-302,2026-09-21 22:04:00,vibration,5.7,mm/s
SR-003013,M-302,2026-09-21 06:01:00,bearing_temp,62.16,°C
SR-003014,M-302,2026-09-21 14:04:00,bearing_temp,64.42,°C
SR-003015,M-302,2026-09-21 22:05:00,bearing_temp,66.49,°C
SR-003016,M-302,2026-09-21 06:04:00,spindle_speed,8093.07,RPM
SR-003017,M-302,2026-09-21 14:05:00,spindle_speed,8229.21,RPM
SR-003018,M-302,2026-09-21 22:04:00,spindle_speed,7981.51,RPM
SR-003019,M-302,2026-09-21 06:02:00,power_consumption,23.4,kW
SR-003020,M-302,2026-09-21 14:03:00,power_consumption,17.61,kW
SR-003021,M-302,2026-09-21 22:04:00,power_consumption,18.37,kW
SR-003022,M-302,2026-09-21 06:04:00,coolant_pressure,5.33,bar
SR-003023,M-302,2026-09-21 14:01:00,coolant_pressure,5.78,bar
SR-003024,M-302,2026-09-21 22:04:00,coolant_pressure,5.49,bar
SR-003025,M-303,2026-09-21 06:05:00,vibration,1.95,mm/s
SR-003026,M-303,2026-09-21 14:03:00,vibration,2.21,mm/s
SR-003027,M-303,2026-09-21 22:04:00,vibration,2.15,mm/s
SR-003028,M-303,2026-09-21 06:01:00,bearing_temp,45.09,°C
SR-003029,M-303,2026-09-21 14:00:00,bearing_temp,42.85,°C
SR-003030,M-303,2026-09-21 22:00:00,bearing_temp,36.93,°C
SR-003031,M-303,2026-09-21 06:00:00,spindle_speed,8277.12,RPM
SR-003032,M-303,2026-09-21 14:05:00,spindle_speed,8042.08,RPM
SR-003033,M-303,2026-09-21 22:03:00,spindle_speed,8207.24,RPM
SR-003034,M-303,2026-09-21 06:03:00,power_consumption,15.81,kW
SR-003035,M-303,2026-09-21 14:05:00,power_consumption,19.33,kW
SR-003036,M-303,2026-09-21 22:01:00,power_consumption,18.39,kW
SR-003037,M-303,2026-09-21 06:02:00,coolant_pressure,5.7,bar
SR-003038,M-303,2026-09-21 14:02:00,coolant_pressure,5.51,bar
SR-003039,M-303,2026-09-21 22:04:00,coolant_pressure,5.56,bar
SR-003040,M-401,2026-09-21 06:04:00,vibration,0.68,mm/s
SR-003041,M-401,2026-09-21 14:05:00,vibration,0.79,mm/s
SR-003042,M-401,2026-09-21 22:02:00,vibration,0.81,mm/s
SR-003043,M-401,2026-09-21 06:04:00,bearing_temp,33.26,°C
SR-003044,M-401,2026-09-21 14:00:00,bearing_temp,37.7,°C
SR-003045,M-401,2026-09-21 22:02:00,bearing_temp,35.65,°C
SR-003046,M-401,2026-09-21 06:05:00,power_consumption,4.71,kW
SR-003047,M-401,2026-09-21 14:00:00,power_consumption,4.44,kW
SR-003048,M-401,2026-09-21 22:05:00,power_consumption,5.07,kW
SR-003049,M-402,2026-09-21 06:03:00,vibration,0.86,mm/s
SR-003050,M-402,2026-09-21 14:04:00,vibration,0.87,mm/s
SR-003051,M-402,2026-09-21 22:03:00,vibration,0.93,mm/s
SR-003052,M-402,2026-09-21 06:05:00,bearing_temp,33.64,°C
SR-003053,M-402,2026-09-21 14:04:00,bearing_temp,37.28,°C
SR-003054,M-402,2026-09-21 22:05:00,bearing_temp,35.84,°C
SR-003055,M-402,2026-09-21 06:00:00,power_consumption,4.72,kW
SR-003056,M-402,2026-09-21 14:01:00,power_consumption,4.43,kW
SR-003057,M-402,2026-09-21 22:02:00,power_consumption,4.6,kW
SR-003058,M-501,2026-09-21 06:00:00,vibration,2.04,mm/s
SR-003059,M-501,2026-09-21 14:00:00,vibration,2.51,mm/s
SR-003060,M-501,2026-09-21 22:02:00,vibration,2.14,mm/s
SR-003061,M-501,2026-09-21 06:01:00,bearing_temp,46.84,°C
SR-003062,M-501,2026-09-21 14:04:00,bearing_temp,42.6,°C
SR-003063,M-501,2026-09-21 22:00:00,bearing_temp,41.6,°C
SR-003064,M-501,2026-09-21 06:02:00,spindle_speed,3934.49,RPM
SR-003065,M-501,2026-09-21 14:00:00,spindle_speed,3960.23,RPM
SR-003066,M-501,2026-09-21 22:02:00,spindle_speed,3862.24,RPM
SR-003067,M-501,2026-09-21 06:01:00,power_consumption,13.67,kW
SR-003068,M-501,2026-09-21 14:02:00,power_consumption,15.8,kW
SR-003069,M-501,2026-09-21 22:01:00,power_consumption,11.91,kW
SR-003070,M-501,2026-09-21 06:04:00,coolant_pressure,5.2,bar
SR-003071,M-501,2026-09-21 14:00:00,coolant_pressure,4.96,bar
SR-003072,M-501,2026-09-21 22:01:00,coolant_pressure,5.13,bar
SR-003073,M-502,2026-09-21 06:00:00,vibration,2.52,mm/s
SR-003074,M-502,2026-09-21 14:03:00,vibration,2.0,mm/s
SR-003075,M-502,2026-09-21 22:02:00,vibration,2.37,mm/s
SR-003076,M-502,2026-09-21 06:03:00,bearing_temp,42.19,°C
SR-003077,M-502,2026-09-21 14:02:00,bearing_temp,42.66,°C
SR-003078,M-502,2026-09-21 22:01:00,bearing_temp,39.97,°C
SR-003079,M-502,2026-09-21 06:04:00,spindle_speed,4008.33,RPM
SR-003080,M-502,2026-09-21 14:05:00,spindle_speed,3932.29,RPM
SR-003081,M-502,2026-09-21 22:00:00,spindle_speed,4101.55,RPM
SR-003082,M-502,2026-09-21 06:03:00,power_consumption,14.96,kW
SR-003083,M-502,2026-09-21 14:00:00,power_consumption,13.17,kW
SR-003084,M-502,2026-09-21 22:00:00,power_consumption,16.56,kW
SR-003085,M-502,2026-09-21 06:04:00,coolant_pressure,4.97,bar
SR-003086,M-502,2026-09-21 14:00:00,coolant_pressure,5.07,bar
SR-003087,M-502,2026-09-21 22:00:00,coolant_pressure,4.74,bar
SR-003088,M-101,2026-09-22 06:04:00,vibration,3.13,mm/s
SR-003089,M-101,2026-09-22 14:00:00,vibration,2.47,mm/s
SR-003090,M-101,2026-09-22 22:04:00,vibration,1.74,mm/s
SR-003091,M-101,2026-09-22 06:01:00,bearing_temp,45.23,°C
SR-003092,M-101,2026-09-22 14:02:00,bearing_temp,40.72,°C
SR-003093,M-101,2026-09-22 22:04:00,bearing_temp,45.75,°C
SR-003094,M-101,2026-09-22 06:02:00,spindle_speed,8156.49,RPM
SR-003095,M-101,2026-09-22 14:02:00,spindle_speed,8042.56,RPM
SR-003096,M-101,2026-09-22 22:01:00,spindle_speed,7704.78,RPM
SR-003097,M-101,2026-09-22 06:04:00,power_consumption,18.41,kW
SR-003098,M-101,2026-09-22 14:04:00,power_consumption,18.62,kW
SR-003099,M-101,2026-09-22 22:02:00,power_consumption,16.98,kW
SR-003100,M-101,2026-09-22 06:04:00,coolant_pressure,5.48,bar
SR-003101,M-101,2026-09-22 14:05:00,coolant_pressure,5.43,bar
SR-003102,M-101,2026-09-22 22:02:00,coolant_pressure,5.65,bar
SR-003103,M-102,2026-09-22 06:02:00,vibration,2.18,mm/s
SR-003104,M-102,2026-09-22 14:04:00,vibration,2.29,mm/s
SR-003105,M-102,2026-09-22 22:00:00,vibration,2.79,mm/s
SR-003106,M-102,2026-09-22 06:01:00,bearing_temp,42.66,°C
SR-003107,M-102,2026-09-22 14:00:00,bearing_temp,51.38,°C
SR-003108,M-102,2026-09-22 22:00:00,bearing_temp,46.17,°C
SR-003109,M-102,2026-09-22 06:03:00,spindle_speed,7936.83,RPM
SR-003110,M-102,2026-09-22 14:01:00,spindle_speed,8056.69,RPM
SR-003111,M-102,2026-09-22 22:05:00,spindle_speed,7881.63,RPM
SR-003112,M-102,2026-09-22 06:05:00,power_consumption,14.97,kW
SR-003113,M-102,2026-09-22 14:02:00,power_consumption,17.35,kW
SR-003114,M-102,2026-09-22 22:02:00,power_consumption,16.03,kW
SR-003115,M-102,2026-09-22 06:05:00,coolant_pressure,5.69,bar
SR-003116,M-102,2026-09-22 14:04:00,coolant_pressure,5.07,bar
SR-003117,M-102,2026-09-22 22:03:00,coolant_pressure,6.1,bar
SR-003118,M-201,2026-09-22 06:04:00,vibration,3.54,mm/s
SR-003119,M-201,2026-09-22 14:05:00,vibration,3.62,mm/s
SR-003120,M-201,2026-09-22 22:03:00,vibration,3.67,mm/s
SR-003121,M-201,2026-09-22 06:05:00,bearing_temp,52.82,°C
SR-003122,M-201,2026-09-22 14:05:00,bearing_temp,51.98,°C
SR-003123,M-201,2026-09-22 22:01:00,bearing_temp,50.47,°C
SR-003124,M-201,2026-09-22 06:01:00,power_consumption,41.63,kW
SR-003125,M-201,2026-09-22 14:02:00,power_consumption,47.67,kW
SR-003126,M-201,2026-09-22 22:03:00,power_consumption,41.82,kW
SR-003127,M-201,2026-09-22 06:02:00,coolant_pressure,184.54,bar
SR-003128,M-201,2026-09-22 14:02:00,coolant_pressure,190.2,bar
SR-003129,M-201,2026-09-22 22:03:00,coolant_pressure,178.81,bar
SR-003130,M-202,2026-09-22 06:00:00,vibration,3.04,mm/s
SR-003131,M-202,2026-09-22 14:01:00,vibration,2.67,mm/s
SR-003132,M-202,2026-09-22 22:02:00,vibration,3.45,mm/s
SR-003133,M-202,2026-09-22 06:01:00,bearing_temp,50.61,°C
SR-003134,M-202,2026-09-22 14:04:00,bearing_temp,44.59,°C
SR-003135,M-202,2026-09-22 22:00:00,bearing_temp,55.89,°C
SR-003136,M-202,2026-09-22 06:02:00,power_consumption,48.33,kW
SR-003137,M-202,2026-09-22 14:02:00,power_consumption,43.92,kW
SR-003138,M-202,2026-09-22 22:04:00,power_consumption,44.6,kW
SR-003139,M-202,2026-09-22 06:01:00,coolant_pressure,173.52,bar
SR-003140,M-202,2026-09-22 14:04:00,coolant_pressure,181.62,bar
SR-003141,M-202,2026-09-22 22:03:00,coolant_pressure,180.12,bar
SR-003142,M-301,2026-09-22 06:03:00,vibration,2.64,mm/s
SR-003143,M-301,2026-09-22 14:05:00,vibration,2.65,mm/s
SR-003144,M-301,2026-09-22 22:04:00,vibration,2.51,mm/s
SR-003145,M-301,2026-09-22 06:04:00,bearing_temp,37.37,°C
SR-003146,M-301,2026-09-22 14:02:00,bearing_temp,48.52,°C
SR-003147,M-301,2026-09-22 22:05:00,bearing_temp,42.88,°C
SR-003148,M-301,2026-09-22 06:05:00,spindle_speed,7959.46,RPM
SR-003149,M-301,2026-09-22 14:04:00,spindle_speed,8408.04,RPM
SR-003150,M-301,2026-09-22 22:03:00,spindle_speed,8217.34,RPM
SR-003151,M-301,2026-09-22 06:02:00,power_consumption,19.52,kW
SR-003152,M-301,2026-09-22 14:04:00,power_consumption,19.33,kW
SR-003153,M-301,2026-09-22 22:02:00,power_consumption,19.33,kW
SR-003154,M-301,2026-09-22 06:03:00,coolant_pressure,5.69,bar
SR-003155,M-301,2026-09-22 14:04:00,coolant_pressure,5.63,bar
SR-003156,M-301,2026-09-22 22:03:00,coolant_pressure,5.56,bar
SR-003157,M-302,2026-09-22 06:00:00,vibration,5.34,mm/s
SR-003158,M-302,2026-09-22 14:00:00,vibration,5.81,mm/s
SR-003159,M-302,2026-09-22 22:04:00,vibration,5.53,mm/s
SR-003160,M-302,2026-09-22 06:05:00,bearing_temp,65.96,°C
SR-003161,M-302,2026-09-22 14:05:00,bearing_temp,66.11,°C
SR-003162,M-302,2026-09-22 22:01:00,bearing_temp,62.18,°C
SR-003163,M-302,2026-09-22 06:04:00,spindle_speed,7841.16,RPM
SR-003164,M-302,2026-09-22 14:04:00,spindle_speed,8048.35,RPM
SR-003165,M-302,2026-09-22 22:02:00,spindle_speed,7871.69,RPM
SR-003166,M-302,2026-09-22 06:02:00,power_consumption,19.95,kW
SR-003167,M-302,2026-09-22 14:02:00,power_consumption,16.62,kW
SR-003168,M-302,2026-09-22 22:03:00,power_consumption,18.2,kW
SR-003169,M-302,2026-09-22 06:00:00,coolant_pressure,5.37,bar
SR-003170,M-302,2026-09-22 14:04:00,coolant_pressure,4.85,bar
SR-003171,M-302,2026-09-22 22:03:00,coolant_pressure,6.38,bar
SR-003172,M-303,2026-09-22 06:01:00,vibration,2.46,mm/s
SR-003173,M-303,2026-09-22 14:04:00,vibration,2.49,mm/s
SR-003174,M-303,2026-09-22 22:00:00,vibration,2.29,mm/s
SR-003175,M-303,2026-09-22 06:02:00,bearing_temp,48.84,°C
SR-003176,M-303,2026-09-22 14:00:00,bearing_temp,45.02,°C
SR-003177,M-303,2026-09-22 22:01:00,bearing_temp,48.87,°C
SR-003178,M-303,2026-09-22 06:03:00,spindle_speed,7693.23,RPM
SR-003179,M-303,2026-09-22 14:02:00,spindle_speed,7940.78,RPM
SR-003180,M-303,2026-09-22 22:05:00,spindle_speed,7808.69,RPM
SR-003181,M-303,2026-09-22 06:04:00,power_consumption,16.91,kW
SR-003182,M-303,2026-09-22 14:01:00,power_consumption,18.99,kW
SR-003183,M-303,2026-09-22 22:01:00,power_consumption,17.11,kW
SR-003184,M-303,2026-09-22 06:04:00,coolant_pressure,5.21,bar
SR-003185,M-303,2026-09-22 14:03:00,coolant_pressure,4.99,bar
SR-003186,M-303,2026-09-22 22:01:00,coolant_pressure,5.95,bar
SR-003187,M-401,2026-09-22 06:01:00,vibration,0.73,mm/s
SR-003188,M-401,2026-09-22 14:01:00,vibration,1.1,mm/s
SR-003189,M-401,2026-09-22 22:01:00,vibration,1.02,mm/s
SR-003190,M-401,2026-09-22 06:05:00,bearing_temp,35.21,°C
SR-003191,M-401,2026-09-22 14:01:00,bearing_temp,37.2,°C
SR-003192,M-401,2026-09-22 22:00:00,bearing_temp,33.06,°C
SR-003193,M-401,2026-09-22 06:03:00,power_consumption,5.59,kW
SR-003194,M-401,2026-09-22 14:05:00,power_consumption,5.69,kW
SR-003195,M-401,2026-09-22 22:01:00,power_consumption,4.58,kW
SR-003196,M-402,2026-09-22 06:03:00,vibration,0.7,mm/s
SR-003197,M-402,2026-09-22 14:03:00,vibration,0.61,mm/s
SR-003198,M-402,2026-09-22 22:03:00,vibration,0.79,mm/s
SR-003199,M-402,2026-09-22 06:04:00,bearing_temp,34.21,°C
SR-003200,M-402,2026-09-22 14:00:00,bearing_temp,36.01,°C
SR-003201,M-402,2026-09-22 22:01:00,bearing_temp,31.58,°C
SR-003202,M-402,2026-09-22 06:05:00,power_consumption,4.54,kW
SR-003203,M-402,2026-09-22 14:04:00,power_consumption,4.49,kW
SR-003204,M-402,2026-09-22 22:04:00,power_consumption,4.99,kW
SR-003205,M-501,2026-09-22 06:04:00,vibration,1.49,mm/s
SR-003206,M-501,2026-09-22 14:03:00,vibration,2.99,mm/s
SR-003207,M-501,2026-09-22 22:03:00,vibration,2.15,mm/s
SR-003208,M-501,2026-09-22 06:05:00,bearing_temp,41.71,°C
SR-003209,M-501,2026-09-22 14:04:00,bearing_temp,46.9,°C
SR-003210,M-501,2026-09-22 22:02:00,bearing_temp,45.15,°C
SR-003211,M-501,2026-09-22 06:04:00,spindle_speed,3935.01,RPM
SR-003212,M-501,2026-09-22 14:00:00,spindle_speed,4014.55,RPM
SR-003213,M-501,2026-09-22 22:05:00,spindle_speed,4006.98,RPM
SR-003214,M-501,2026-09-22 06:05:00,power_consumption,16.86,kW
SR-003215,M-501,2026-09-22 14:04:00,power_consumption,16.65,kW
SR-003216,M-501,2026-09-22 22:02:00,power_consumption,15.88,kW
SR-003217,M-501,2026-09-22 06:04:00,coolant_pressure,4.55,bar
SR-003218,M-501,2026-09-22 14:00:00,coolant_pressure,4.61,bar
SR-003219,M-501,2026-09-22 22:03:00,coolant_pressure,4.68,bar
SR-003220,M-502,2026-09-22 06:04:00,vibration,2.28,mm/s
SR-003221,M-502,2026-09-22 14:02:00,vibration,2.16,mm/s
SR-003222,M-502,2026-09-22 22:02:00,vibration,1.84,mm/s
SR-003223,M-502,2026-09-22 06:04:00,bearing_temp,44.91,°C
SR-003224,M-502,2026-09-22 14:05:00,bearing_temp,46.35,°C
SR-003225,M-502,2026-09-22 22:02:00,bearing_temp,41.54,°C
SR-003226,M-502,2026-09-22 06:00:00,spindle_speed,4247.98,RPM
SR-003227,M-502,2026-09-22 14:04:00,spindle_speed,3864.46,RPM
SR-003228,M-502,2026-09-22 22:00:00,spindle_speed,3856.93,RPM
SR-003229,M-502,2026-09-22 06:05:00,power_consumption,14.45,kW
SR-003230,M-502,2026-09-22 14:04:00,power_consumption,14.17,kW
SR-003231,M-502,2026-09-22 22:01:00,power_consumption,16.36,kW
SR-003232,M-502,2026-09-22 06:04:00,coolant_pressure,5.05,bar
SR-003233,M-502,2026-09-22 14:02:00,coolant_pressure,5.39,bar
SR-003234,M-502,2026-09-22 22:01:00,coolant_pressure,5.2,bar
SR-003235,M-101,2026-09-23 06:02:00,vibration,2.16,mm/s
SR-003236,M-101,2026-09-23 14:00:00,vibration,2.19,mm/s
SR-003237,M-101,2026-09-23 22:04:00,vibration,2.37,mm/s
SR-003238,M-101,2026-09-23 06:05:00,bearing_temp,40.92,°C
SR-003239,M-101,2026-09-23 14:01:00,bearing_temp,46.9,°C
SR-003240,M-101,2026-09-23 22:02:00,bearing_temp,47.65,°C
SR-003241,M-101,2026-09-23 06:01:00,spindle_speed,8029.8,RPM
SR-003242,M-101,2026-09-23 14:04:00,spindle_speed,7856.24,RPM
SR-003243,M-101,2026-09-23 22:00:00,spindle_speed,8118.6,RPM
SR-003244,M-101,2026-09-23 06:01:00,power_consumption,16.95,kW
SR-003245,M-101,2026-09-23 14:03:00,power_consumption,15.7,kW
SR-003246,M-101,2026-09-23 22:03:00,power_consumption,16.43,kW
SR-003247,M-101,2026-09-23 06:03:00,coolant_pressure,5.53,bar
SR-003248,M-101,2026-09-23 14:05:00,coolant_pressure,5.28,bar
SR-003249,M-101,2026-09-23 22:05:00,coolant_pressure,5.37,bar
SR-003250,M-102,2026-09-23 06:02:00,vibration,2.19,mm/s
SR-003251,M-102,2026-09-23 14:00:00,vibration,2.7,mm/s
SR-003252,M-102,2026-09-23 22:00:00,vibration,2.5,mm/s
SR-003253,M-102,2026-09-23 06:02:00,bearing_temp,46.5,°C
SR-003254,M-102,2026-09-23 14:03:00,bearing_temp,47.63,°C
SR-003255,M-102,2026-09-23 22:04:00,bearing_temp,44.88,°C
SR-003256,M-102,2026-09-23 06:01:00,spindle_speed,7665.91,RPM
SR-003257,M-102,2026-09-23 14:03:00,spindle_speed,7772.27,RPM
SR-003258,M-102,2026-09-23 22:02:00,spindle_speed,8214.39,RPM
SR-003259,M-102,2026-09-23 06:00:00,power_consumption,19.86,kW
SR-003260,M-102,2026-09-23 14:02:00,power_consumption,20.4,kW
SR-003261,M-102,2026-09-23 22:05:00,power_consumption,19.47,kW
SR-003262,M-102,2026-09-23 06:02:00,coolant_pressure,5.36,bar
SR-003263,M-102,2026-09-23 14:00:00,coolant_pressure,5.94,bar
SR-003264,M-102,2026-09-23 22:00:00,coolant_pressure,5.39,bar
SR-003265,M-201,2026-09-23 06:03:00,vibration,3.62,mm/s
SR-003266,M-201,2026-09-23 14:04:00,vibration,2.65,mm/s
SR-003267,M-201,2026-09-23 22:02:00,vibration,3.86,mm/s
SR-003268,M-201,2026-09-23 06:02:00,bearing_temp,46.11,°C
SR-003269,M-201,2026-09-23 14:05:00,bearing_temp,49.81,°C
SR-003270,M-201,2026-09-23 22:04:00,bearing_temp,51.81,°C
SR-003271,M-201,2026-09-23 06:05:00,power_consumption,40.99,kW
SR-003272,M-201,2026-09-23 14:01:00,power_consumption,48.26,kW
SR-003273,M-201,2026-09-23 22:01:00,power_consumption,44.61,kW
SR-003274,M-201,2026-09-23 06:04:00,coolant_pressure,173.37,bar
SR-003275,M-201,2026-09-23 14:01:00,coolant_pressure,176.0,bar
SR-003276,M-201,2026-09-23 22:02:00,coolant_pressure,186.53,bar
SR-003277,M-202,2026-09-23 06:00:00,vibration,2.29,mm/s
SR-003278,M-202,2026-09-23 14:00:00,vibration,2.78,mm/s
SR-003279,M-202,2026-09-23 22:05:00,vibration,2.48,mm/s
SR-003280,M-202,2026-09-23 06:03:00,bearing_temp,52.58,°C
SR-003281,M-202,2026-09-23 14:02:00,bearing_temp,46.17,°C
SR-003282,M-202,2026-09-23 22:01:00,bearing_temp,55.17,°C
SR-003283,M-202,2026-09-23 06:00:00,power_consumption,49.07,kW
SR-003284,M-202,2026-09-23 14:04:00,power_consumption,45.89,kW
SR-003285,M-202,2026-09-23 22:04:00,power_consumption,41.84,kW
SR-003286,M-202,2026-09-23 06:05:00,coolant_pressure,172.09,bar
SR-003287,M-202,2026-09-23 14:00:00,coolant_pressure,189.07,bar
SR-003288,M-202,2026-09-23 22:04:00,coolant_pressure,188.71,bar
SR-003289,M-301,2026-09-23 06:05:00,vibration,2.8,mm/s
SR-003290,M-301,2026-09-23 14:04:00,vibration,2.83,mm/s
SR-003291,M-301,2026-09-23 22:00:00,vibration,2.48,mm/s
SR-003292,M-301,2026-09-23 06:05:00,bearing_temp,43.19,°C
SR-003293,M-301,2026-09-23 14:05:00,bearing_temp,46.01,°C
SR-003294,M-301,2026-09-23 22:00:00,bearing_temp,47.3,°C
SR-003295,M-301,2026-09-23 06:02:00,spindle_speed,7708.87,RPM
SR-003296,M-301,2026-09-23 14:03:00,spindle_speed,7653.53,RPM
SR-003297,M-301,2026-09-23 22:02:00,spindle_speed,7894.59,RPM
SR-003298,M-301,2026-09-23 06:02:00,power_consumption,15.92,kW
SR-003299,M-301,2026-09-23 14:00:00,power_consumption,18.31,kW
SR-003300,M-301,2026-09-23 22:03:00,power_consumption,18.5,kW
SR-003301,M-301,2026-09-23 06:02:00,coolant_pressure,4.74,bar
SR-003302,M-301,2026-09-23 14:02:00,coolant_pressure,6.14,bar
SR-003303,M-301,2026-09-23 22:01:00,coolant_pressure,5.55,bar
SR-003304,M-302,2026-09-23 06:04:00,vibration,5.87,mm/s
SR-003305,M-302,2026-09-23 14:00:00,vibration,5.51,mm/s
SR-003306,M-302,2026-09-23 22:01:00,vibration,6.0,mm/s
SR-003307,M-302,2026-09-23 06:04:00,bearing_temp,64.82,°C
SR-003308,M-302,2026-09-23 14:05:00,bearing_temp,66.18,°C
SR-003309,M-302,2026-09-23 22:02:00,bearing_temp,68.19,°C
SR-003310,M-302,2026-09-23 06:00:00,spindle_speed,8133.66,RPM
SR-003311,M-302,2026-09-23 14:05:00,spindle_speed,8074.6,RPM
SR-003312,M-302,2026-09-23 22:02:00,spindle_speed,8016.61,RPM
SR-003313,M-302,2026-09-23 06:03:00,power_consumption,19.9,kW
SR-003314,M-302,2026-09-23 14:01:00,power_consumption,19.56,kW
SR-003315,M-302,2026-09-23 22:00:00,power_consumption,19.81,kW
SR-003316,M-302,2026-09-23 06:05:00,coolant_pressure,5.49,bar
SR-003317,M-302,2026-09-23 14:02:00,coolant_pressure,5.37,bar
SR-003318,M-302,2026-09-23 22:03:00,coolant_pressure,5.61,bar
SR-003319,M-303,2026-09-23 06:03:00,vibration,1.97,mm/s
SR-003320,M-303,2026-09-23 14:03:00,vibration,2.18,mm/s
SR-003321,M-303,2026-09-23 22:00:00,vibration,1.69,mm/s
SR-003322,M-303,2026-09-23 06:04:00,bearing_temp,47.26,°C
SR-003323,M-303,2026-09-23 14:05:00,bearing_temp,45.45,°C
SR-003324,M-303,2026-09-23 22:03:00,bearing_temp,47.92,°C
SR-003325,M-303,2026-09-23 06:02:00,spindle_speed,8179.21,RPM
SR-003326,M-303,2026-09-23 14:02:00,spindle_speed,8170.86,RPM
SR-003327,M-303,2026-09-23 22:05:00,spindle_speed,7915.96,RPM
SR-003328,M-303,2026-09-23 06:05:00,power_consumption,16.62,kW
SR-003329,M-303,2026-09-23 14:02:00,power_consumption,19.56,kW
SR-003330,M-303,2026-09-23 22:00:00,power_consumption,19.0,kW
SR-003331,M-303,2026-09-23 06:02:00,coolant_pressure,5.77,bar
SR-003332,M-303,2026-09-23 14:05:00,coolant_pressure,5.07,bar
SR-003333,M-303,2026-09-23 22:03:00,coolant_pressure,5.61,bar
SR-003334,M-401,2026-09-23 06:05:00,vibration,0.98,mm/s
SR-003335,M-401,2026-09-23 14:00:00,vibration,0.88,mm/s
SR-003336,M-401,2026-09-23 22:05:00,vibration,1.02,mm/s
SR-003337,M-401,2026-09-23 06:05:00,bearing_temp,34.13,°C
SR-003338,M-401,2026-09-23 14:03:00,bearing_temp,32.86,°C
SR-003339,M-401,2026-09-23 22:01:00,bearing_temp,34.9,°C
SR-003340,M-401,2026-09-23 06:00:00,power_consumption,4.73,kW
SR-003341,M-401,2026-09-23 14:03:00,power_consumption,4.87,kW
SR-003342,M-401,2026-09-23 22:03:00,power_consumption,4.34,kW
SR-003343,M-402,2026-09-23 06:02:00,vibration,0.97,mm/s
SR-003344,M-402,2026-09-23 14:03:00,vibration,0.87,mm/s
SR-003345,M-402,2026-09-23 22:03:00,vibration,0.52,mm/s
SR-003346,M-402,2026-09-23 06:00:00,bearing_temp,34.2,°C
SR-003347,M-402,2026-09-23 14:05:00,bearing_temp,35.66,°C
SR-003348,M-402,2026-09-23 22:00:00,bearing_temp,35.16,°C
SR-003349,M-402,2026-09-23 06:05:00,power_consumption,4.71,kW
SR-003350,M-402,2026-09-23 14:05:00,power_consumption,5.19,kW
SR-003351,M-402,2026-09-23 22:04:00,power_consumption,3.83,kW
SR-003352,M-501,2026-09-23 06:01:00,vibration,2.07,mm/s
SR-003353,M-501,2026-09-23 14:00:00,vibration,2.18,mm/s
SR-003354,M-501,2026-09-23 22:00:00,vibration,1.92,mm/s
SR-003355,M-501,2026-09-23 06:00:00,bearing_temp,42.71,°C
SR-003356,M-501,2026-09-23 14:03:00,bearing_temp,39.83,°C
SR-003357,M-501,2026-09-23 22:01:00,bearing_temp,46.19,°C
SR-003358,M-501,2026-09-23 06:05:00,spindle_speed,3873.87,RPM
SR-003359,M-501,2026-09-23 14:05:00,spindle_speed,3983.33,RPM
SR-003360,M-501,2026-09-23 22:00:00,spindle_speed,3977.42,RPM
SR-003361,M-501,2026-09-23 06:00:00,power_consumption,17.02,kW
SR-003362,M-501,2026-09-23 14:03:00,power_consumption,13.62,kW
SR-003363,M-501,2026-09-23 22:00:00,power_consumption,13.08,kW
SR-003364,M-501,2026-09-23 06:00:00,coolant_pressure,4.66,bar
SR-003365,M-501,2026-09-23 14:04:00,coolant_pressure,5.28,bar
SR-003366,M-501,2026-09-23 22:01:00,coolant_pressure,5.24,bar
SR-003367,M-502,2026-09-23 06:02:00,vibration,2.42,mm/s
SR-003368,M-502,2026-09-23 14:05:00,vibration,2.29,mm/s
SR-003369,M-502,2026-09-23 22:05:00,vibration,2.07,mm/s
SR-003370,M-502,2026-09-23 06:04:00,bearing_temp,41.01,°C
SR-003371,M-502,2026-09-23 14:01:00,bearing_temp,40.89,°C
SR-003372,M-502,2026-09-23 22:00:00,bearing_temp,42.37,°C
SR-003373,M-502,2026-09-23 06:00:00,spindle_speed,3886.92,RPM
SR-003374,M-502,2026-09-23 14:02:00,spindle_speed,3925.13,RPM
SR-003375,M-502,2026-09-23 22:05:00,spindle_speed,4098.1,RPM
SR-003376,M-502,2026-09-23 06:02:00,power_consumption,15.96,kW
SR-003377,M-502,2026-09-23 14:04:00,power_consumption,13.78,kW
SR-003378,M-502,2026-09-23 22:00:00,power_consumption,14.58,kW
SR-003379,M-502,2026-09-23 06:05:00,coolant_pressure,5.3,bar
SR-003380,M-502,2026-09-23 14:04:00,coolant_pressure,5.33,bar
SR-003381,M-502,2026-09-23 22:03:00,coolant_pressure,4.9,bar
SR-003382,M-101,2026-09-24 06:00:00,vibration,2.56,mm/s
SR-003383,M-101,2026-09-24 14:00:00,vibration,2.65,mm/s
SR-003384,M-101,2026-09-24 22:05:00,vibration,2.41,mm/s
SR-003385,M-101,2026-09-24 06:03:00,bearing_temp,41.37,°C
SR-003386,M-101,2026-09-24 14:05:00,bearing_temp,39.89,°C
SR-003387,M-101,2026-09-24 22:05:00,bearing_temp,46.82,°C
SR-003388,M-101,2026-09-24 06:01:00,spindle_speed,7677.96,RPM
SR-003389,M-101,2026-09-24 14:04:00,spindle_speed,8077.74,RPM
SR-003390,M-101,2026-09-24 22:03:00,spindle_speed,8275.05,RPM
SR-003391,M-101,2026-09-24 06:04:00,power_consumption,14.99,kW
SR-003392,M-101,2026-09-24 14:05:00,power_consumption,19.86,kW
SR-003393,M-101,2026-09-24 22:03:00,power_consumption,18.92,kW
SR-003394,M-101,2026-09-24 06:04:00,coolant_pressure,5.54,bar
SR-003395,M-101,2026-09-24 14:02:00,coolant_pressure,5.9,bar
SR-003396,M-101,2026-09-24 22:02:00,coolant_pressure,5.37,bar
SR-003397,M-102,2026-09-24 06:01:00,vibration,1.95,mm/s
SR-003398,M-102,2026-09-24 14:00:00,vibration,2.65,mm/s
SR-003399,M-102,2026-09-24 22:04:00,vibration,3.49,mm/s
SR-003400,M-102,2026-09-24 06:02:00,bearing_temp,44.31,°C
SR-003401,M-102,2026-09-24 14:04:00,bearing_temp,50.74,°C
SR-003402,M-102,2026-09-24 22:01:00,bearing_temp,38.3,°C
SR-003403,M-102,2026-09-24 06:01:00,spindle_speed,7726.39,RPM
SR-003404,M-102,2026-09-24 14:02:00,spindle_speed,8062.58,RPM
SR-003405,M-102,2026-09-24 22:01:00,spindle_speed,8092.41,RPM
SR-003406,M-102,2026-09-24 06:05:00,power_consumption,18.24,kW
SR-003407,M-102,2026-09-24 14:03:00,power_consumption,19.84,kW
SR-003408,M-102,2026-09-24 22:01:00,power_consumption,15.25,kW
SR-003409,M-102,2026-09-24 06:00:00,coolant_pressure,5.86,bar
SR-003410,M-102,2026-09-24 14:05:00,coolant_pressure,6.07,bar
SR-003411,M-102,2026-09-24 22:02:00,coolant_pressure,5.36,bar
SR-003412,M-201,2026-09-24 06:02:00,vibration,3.26,mm/s
SR-003413,M-201,2026-09-24 14:03:00,vibration,2.22,mm/s
SR-003414,M-201,2026-09-24 22:00:00,vibration,2.3,mm/s
SR-003415,M-201,2026-09-24 06:04:00,bearing_temp,51.04,°C
SR-003416,M-201,2026-09-24 14:01:00,bearing_temp,50.8,°C
SR-003417,M-201,2026-09-24 22:04:00,bearing_temp,50.53,°C
SR-003418,M-201,2026-09-24 06:00:00,power_consumption,45.61,kW
SR-003419,M-201,2026-09-24 14:03:00,power_consumption,46.98,kW
SR-003420,M-201,2026-09-24 22:04:00,power_consumption,45.95,kW
SR-003421,M-201,2026-09-24 06:05:00,coolant_pressure,175.43,bar
SR-003422,M-201,2026-09-24 14:05:00,coolant_pressure,177.5,bar
SR-003423,M-201,2026-09-24 22:00:00,coolant_pressure,182.9,bar
SR-003424,M-202,2026-09-24 06:02:00,vibration,2.78,mm/s
SR-003425,M-202,2026-09-24 14:03:00,vibration,3.05,mm/s
SR-003426,M-202,2026-09-24 22:01:00,vibration,3.36,mm/s
SR-003427,M-202,2026-09-24 06:03:00,bearing_temp,48.0,°C
SR-003428,M-202,2026-09-24 14:04:00,bearing_temp,51.99,°C
SR-003429,M-202,2026-09-24 22:01:00,bearing_temp,41.63,°C
SR-003430,M-202,2026-09-24 06:01:00,power_consumption,45.62,kW
SR-003431,M-202,2026-09-24 14:03:00,power_consumption,47.97,kW
SR-003432,M-202,2026-09-24 22:02:00,power_consumption,43.55,kW
SR-003433,M-202,2026-09-24 06:05:00,coolant_pressure,185.22,bar
SR-003434,M-202,2026-09-24 14:02:00,coolant_pressure,186.03,bar
SR-003435,M-202,2026-09-24 22:01:00,coolant_pressure,183.32,bar
SR-003436,M-301,2026-09-24 06:00:00,vibration,2.36,mm/s
SR-003437,M-301,2026-09-24 14:01:00,vibration,2.35,mm/s
SR-003438,M-301,2026-09-24 22:00:00,vibration,2.27,mm/s
SR-003439,M-301,2026-09-24 06:01:00,bearing_temp,46.98,°C
SR-003440,M-301,2026-09-24 14:02:00,bearing_temp,42.33,°C
SR-003441,M-301,2026-09-24 22:01:00,bearing_temp,45.47,°C
SR-003442,M-301,2026-09-24 06:05:00,spindle_speed,8164.29,RPM
SR-003443,M-301,2026-09-24 14:04:00,spindle_speed,8415.51,RPM
SR-003444,M-301,2026-09-24 22:04:00,spindle_speed,7872.92,RPM
SR-003445,M-301,2026-09-24 06:04:00,power_consumption,18.39,kW
SR-003446,M-301,2026-09-24 14:03:00,power_consumption,17.5,kW
SR-003447,M-301,2026-09-24 22:03:00,power_consumption,18.68,kW
SR-003448,M-301,2026-09-24 06:03:00,coolant_pressure,5.34,bar
SR-003449,M-301,2026-09-24 14:05:00,coolant_pressure,5.41,bar
SR-003450,M-301,2026-09-24 22:01:00,coolant_pressure,5.98,bar
SR-003451,M-302,2026-09-24 06:01:00,vibration,6.07,mm/s
SR-003452,M-302,2026-09-24 14:04:00,vibration,6.32,mm/s
SR-003453,M-302,2026-09-24 22:00:00,vibration,6.57,mm/s
SR-003454,M-302,2026-09-24 06:03:00,bearing_temp,67.01,°C
SR-003455,M-302,2026-09-24 14:03:00,bearing_temp,68.84,°C
SR-003456,M-302,2026-09-24 22:05:00,bearing_temp,68.27,°C
SR-003457,M-302,2026-09-24 06:04:00,spindle_speed,8006.1,RPM
SR-003458,M-302,2026-09-24 14:03:00,spindle_speed,7948.05,RPM
SR-003459,M-302,2026-09-24 22:00:00,spindle_speed,7645.31,RPM
SR-003460,M-302,2026-09-24 06:03:00,power_consumption,20.43,kW
SR-003461,M-302,2026-09-24 14:00:00,power_consumption,19.45,kW
SR-003462,M-302,2026-09-24 22:05:00,power_consumption,20.1,kW
SR-003463,M-302,2026-09-24 06:01:00,coolant_pressure,5.42,bar
SR-003464,M-302,2026-09-24 14:02:00,coolant_pressure,4.77,bar
SR-003465,M-302,2026-09-24 22:00:00,coolant_pressure,5.38,bar
SR-003466,M-303,2026-09-24 06:00:00,vibration,2.95,mm/s
SR-003467,M-303,2026-09-24 14:05:00,vibration,2.06,mm/s
SR-003468,M-303,2026-09-24 22:03:00,vibration,2.44,mm/s
SR-003469,M-303,2026-09-24 06:00:00,bearing_temp,48.12,°C
SR-003470,M-303,2026-09-24 14:03:00,bearing_temp,41.12,°C
SR-003471,M-303,2026-09-24 22:05:00,bearing_temp,43.4,°C
SR-003472,M-303,2026-09-24 06:03:00,spindle_speed,8024.66,RPM
SR-003473,M-303,2026-09-24 14:05:00,spindle_speed,8161.05,RPM
SR-003474,M-303,2026-09-24 22:03:00,spindle_speed,8371.81,RPM
SR-003475,M-303,2026-09-24 06:05:00,power_consumption,17.98,kW
SR-003476,M-303,2026-09-24 14:00:00,power_consumption,17.92,kW
SR-003477,M-303,2026-09-24 22:04:00,power_consumption,16.28,kW
SR-003478,M-303,2026-09-24 06:00:00,coolant_pressure,5.8,bar
SR-003479,M-303,2026-09-24 14:05:00,coolant_pressure,5.36,bar
SR-003480,M-303,2026-09-24 22:04:00,coolant_pressure,5.98,bar
SR-003481,M-401,2026-09-24 06:05:00,vibration,0.54,mm/s
SR-003482,M-401,2026-09-24 14:00:00,vibration,0.73,mm/s
SR-003483,M-401,2026-09-24 22:00:00,vibration,0.7,mm/s
SR-003484,M-401,2026-09-24 06:04:00,bearing_temp,33.76,°C
SR-003485,M-401,2026-09-24 14:00:00,bearing_temp,37.82,°C
SR-003486,M-401,2026-09-24 22:00:00,bearing_temp,33.99,°C
SR-003487,M-401,2026-09-24 06:00:00,power_consumption,4.59,kW
SR-003488,M-401,2026-09-24 14:02:00,power_consumption,5.38,kW
SR-003489,M-401,2026-09-24 22:05:00,power_consumption,4.52,kW
SR-003490,M-402,2026-09-24 06:00:00,vibration,0.96,mm/s
SR-003491,M-402,2026-09-24 14:01:00,vibration,0.56,mm/s
SR-003492,M-402,2026-09-24 22:02:00,vibration,0.7,mm/s
SR-003493,M-402,2026-09-24 06:03:00,bearing_temp,35.07,°C
SR-003494,M-402,2026-09-24 14:05:00,bearing_temp,35.98,°C
SR-003495,M-402,2026-09-24 22:05:00,bearing_temp,37.44,°C
SR-003496,M-402,2026-09-24 06:01:00,power_consumption,4.75,kW
SR-003497,M-402,2026-09-24 14:02:00,power_consumption,5.02,kW
SR-003498,M-402,2026-09-24 22:02:00,power_consumption,4.15,kW
SR-003499,M-501,2026-09-24 06:03:00,vibration,2.57,mm/s
SR-003500,M-501,2026-09-24 14:02:00,vibration,1.93,mm/s
SR-003501,M-501,2026-09-24 22:03:00,vibration,2.55,mm/s
SR-003502,M-501,2026-09-24 06:03:00,bearing_temp,43.89,°C
SR-003503,M-501,2026-09-24 14:03:00,bearing_temp,37.83,°C
SR-003504,M-501,2026-09-24 22:05:00,bearing_temp,42.95,°C
SR-003505,M-501,2026-09-24 06:02:00,spindle_speed,3697.92,RPM
SR-003506,M-501,2026-09-24 14:03:00,spindle_speed,3938.62,RPM
SR-003507,M-501,2026-09-24 22:05:00,spindle_speed,3785.45,RPM
SR-003508,M-501,2026-09-24 06:00:00,power_consumption,13.37,kW
SR-003509,M-501,2026-09-24 14:00:00,power_consumption,16.03,kW
SR-003510,M-501,2026-09-24 22:00:00,power_consumption,17.54,kW
SR-003511,M-501,2026-09-24 06:00:00,coolant_pressure,4.87,bar
SR-003512,M-501,2026-09-24 14:00:00,coolant_pressure,5.11,bar
SR-003513,M-501,2026-09-24 22:01:00,coolant_pressure,5.07,bar
SR-003514,M-502,2026-09-24 06:03:00,vibration,2.35,mm/s
SR-003515,M-502,2026-09-24 14:05:00,vibration,2.34,mm/s
SR-003516,M-502,2026-09-24 22:00:00,vibration,2.39,mm/s
SR-003517,M-502,2026-09-24 06:04:00,bearing_temp,41.23,°C
SR-003518,M-502,2026-09-24 14:01:00,bearing_temp,49.37,°C
SR-003519,M-502,2026-09-24 22:05:00,bearing_temp,40.43,°C
SR-003520,M-502,2026-09-24 06:05:00,spindle_speed,4025.56,RPM
SR-003521,M-502,2026-09-24 14:00:00,spindle_speed,4096.23,RPM
SR-003522,M-502,2026-09-24 22:01:00,spindle_speed,4013.07,RPM
SR-003523,M-502,2026-09-24 06:02:00,power_consumption,15.74,kW
SR-003524,M-502,2026-09-24 14:03:00,power_consumption,13.75,kW
SR-003525,M-502,2026-09-24 22:02:00,power_consumption,13.46,kW
SR-003526,M-502,2026-09-24 06:03:00,coolant_pressure,4.83,bar
SR-003527,M-502,2026-09-24 14:04:00,coolant_pressure,4.68,bar
SR-003528,M-502,2026-09-24 22:03:00,coolant_pressure,4.79,bar
SR-003529,M-101,2026-09-25 06:02:00,vibration,1.9,mm/s
SR-003530,M-101,2026-09-25 14:01:00,vibration,2.54,mm/s
SR-003531,M-101,2026-09-25 22:02:00,vibration,2.47,mm/s
SR-003532,M-101,2026-09-25 06:02:00,bearing_temp,42.91,°C
SR-003533,M-101,2026-09-25 14:02:00,bearing_temp,45.12,°C
SR-003534,M-101,2026-09-25 22:02:00,bearing_temp,44.07,°C
SR-003535,M-101,2026-09-25 06:01:00,spindle_speed,7883.95,RPM
SR-003536,M-101,2026-09-25 14:05:00,spindle_speed,8032.99,RPM
SR-003537,M-101,2026-09-25 22:01:00,spindle_speed,7876.23,RPM
SR-003538,M-101,2026-09-25 06:05:00,power_consumption,17.79,kW
SR-003539,M-101,2026-09-25 14:01:00,power_consumption,17.22,kW
SR-003540,M-101,2026-09-25 22:01:00,power_consumption,15.92,kW
SR-003541,M-101,2026-09-25 06:02:00,coolant_pressure,5.51,bar
SR-003542,M-101,2026-09-25 14:04:00,coolant_pressure,5.59,bar
SR-003543,M-101,2026-09-25 22:01:00,coolant_pressure,5.66,bar
SR-003544,M-102,2026-09-25 06:01:00,vibration,2.62,mm/s
SR-003545,M-102,2026-09-25 14:02:00,vibration,2.3,mm/s
SR-003546,M-102,2026-09-25 22:02:00,vibration,2.36,mm/s
SR-003547,M-102,2026-09-25 06:01:00,bearing_temp,46.96,°C
SR-003548,M-102,2026-09-25 14:04:00,bearing_temp,47.62,°C
SR-003549,M-102,2026-09-25 22:03:00,bearing_temp,42.85,°C
SR-003550,M-102,2026-09-25 06:03:00,spindle_speed,8426.59,RPM
SR-003551,M-102,2026-09-25 14:02:00,spindle_speed,8056.42,RPM
SR-003552,M-102,2026-09-25 22:01:00,spindle_speed,7517.28,RPM
SR-003553,M-102,2026-09-25 06:04:00,power_consumption,20.46,kW
SR-003554,M-102,2026-09-25 14:02:00,power_consumption,18.07,kW
SR-003555,M-102,2026-09-25 22:02:00,power_consumption,17.24,kW
SR-003556,M-102,2026-09-25 06:04:00,coolant_pressure,5.3,bar
SR-003557,M-102,2026-09-25 14:05:00,coolant_pressure,5.23,bar
SR-003558,M-102,2026-09-25 22:03:00,coolant_pressure,5.03,bar
SR-003559,M-201,2026-09-25 06:03:00,vibration,2.87,mm/s
SR-003560,M-201,2026-09-25 14:00:00,vibration,3.21,mm/s
SR-003561,M-201,2026-09-25 22:02:00,vibration,3.41,mm/s
SR-003562,M-201,2026-09-25 06:00:00,bearing_temp,53.89,°C
SR-003563,M-201,2026-09-25 14:03:00,bearing_temp,43.75,°C
SR-003564,M-201,2026-09-25 22:02:00,bearing_temp,54.44,°C
SR-003565,M-201,2026-09-25 06:05:00,power_consumption,45.84,kW
SR-003566,M-201,2026-09-25 14:01:00,power_consumption,45.55,kW
SR-003567,M-201,2026-09-25 22:02:00,power_consumption,43.16,kW
SR-003568,M-201,2026-09-25 06:01:00,coolant_pressure,178.23,bar
SR-003569,M-201,2026-09-25 14:03:00,coolant_pressure,186.15,bar
SR-003570,M-201,2026-09-25 22:05:00,coolant_pressure,180.88,bar
SR-003571,M-202,2026-09-25 06:04:00,vibration,2.9,mm/s
SR-003572,M-202,2026-09-25 14:03:00,vibration,2.81,mm/s
SR-003573,M-202,2026-09-25 22:04:00,vibration,3.15,mm/s
SR-003574,M-202,2026-09-25 06:04:00,bearing_temp,53.29,°C
SR-003575,M-202,2026-09-25 14:02:00,bearing_temp,58.2,°C
SR-003576,M-202,2026-09-25 22:03:00,bearing_temp,46.95,°C
SR-003577,M-202,2026-09-25 06:02:00,power_consumption,48.52,kW
SR-003578,M-202,2026-09-25 14:03:00,power_consumption,49.71,kW
SR-003579,M-202,2026-09-25 22:02:00,power_consumption,43.29,kW
SR-003580,M-202,2026-09-25 06:02:00,coolant_pressure,182.93,bar
SR-003581,M-202,2026-09-25 14:00:00,coolant_pressure,190.08,bar
SR-003582,M-202,2026-09-25 22:01:00,coolant_pressure,178.57,bar
SR-003583,M-301,2026-09-25 06:03:00,vibration,2.34,mm/s
SR-003584,M-301,2026-09-25 14:03:00,vibration,1.97,mm/s
SR-003585,M-301,2026-09-25 22:03:00,vibration,2.23,mm/s
SR-003586,M-301,2026-09-25 06:05:00,bearing_temp,50.27,°C
SR-003587,M-301,2026-09-25 14:04:00,bearing_temp,46.31,°C
SR-003588,M-301,2026-09-25 22:04:00,bearing_temp,44.0,°C
SR-003589,M-301,2026-09-25 06:03:00,spindle_speed,8117.02,RPM
SR-003590,M-301,2026-09-25 14:04:00,spindle_speed,8070.28,RPM
SR-003591,M-301,2026-09-25 22:04:00,spindle_speed,8073.71,RPM
SR-003592,M-301,2026-09-25 06:03:00,power_consumption,17.95,kW
SR-003593,M-301,2026-09-25 14:02:00,power_consumption,19.31,kW
SR-003594,M-301,2026-09-25 22:03:00,power_consumption,18.81,kW
SR-003595,M-301,2026-09-25 06:04:00,coolant_pressure,5.65,bar
SR-003596,M-301,2026-09-25 14:01:00,coolant_pressure,5.8,bar
SR-003597,M-301,2026-09-25 22:02:00,coolant_pressure,5.68,bar
SR-003598,M-302,2026-09-25 06:04:00,vibration,6.78,mm/s
SR-003599,M-302,2026-09-25 14:02:00,vibration,5.9,mm/s
SR-003600,M-302,2026-09-25 22:04:00,vibration,6.38,mm/s
SR-003601,M-302,2026-09-25 06:03:00,bearing_temp,69.23,°C
SR-003602,M-302,2026-09-25 14:01:00,bearing_temp,72.17,°C
SR-003603,M-302,2026-09-25 22:02:00,bearing_temp,70.12,°C
SR-003604,M-302,2026-09-25 06:02:00,spindle_speed,8002.35,RPM
SR-003605,M-302,2026-09-25 14:03:00,spindle_speed,8364.8,RPM
SR-003606,M-302,2026-09-25 22:00:00,spindle_speed,7896.56,RPM
SR-003607,M-302,2026-09-25 06:03:00,power_consumption,18.51,kW
SR-003608,M-302,2026-09-25 14:01:00,power_consumption,17.7,kW
SR-003609,M-302,2026-09-25 22:01:00,power_consumption,18.02,kW
SR-003610,M-302,2026-09-25 06:00:00,coolant_pressure,5.52,bar
SR-003611,M-302,2026-09-25 14:00:00,coolant_pressure,5.68,bar
SR-003612,M-302,2026-09-25 22:04:00,coolant_pressure,5.66,bar
SR-003613,M-303,2026-09-25 06:04:00,vibration,2.39,mm/s
SR-003614,M-303,2026-09-25 14:03:00,vibration,1.87,mm/s
SR-003615,M-303,2026-09-25 22:03:00,vibration,2.78,mm/s
SR-003616,M-303,2026-09-25 06:05:00,bearing_temp,41.89,°C
SR-003617,M-303,2026-09-25 14:05:00,bearing_temp,46.21,°C
SR-003618,M-303,2026-09-25 22:04:00,bearing_temp,42.36,°C
SR-003619,M-303,2026-09-25 06:04:00,spindle_speed,8154.1,RPM
SR-003620,M-303,2026-09-25 14:00:00,spindle_speed,8017.06,RPM
SR-003621,M-303,2026-09-25 22:05:00,spindle_speed,8135.04,RPM
SR-003622,M-303,2026-09-25 06:01:00,power_consumption,19.33,kW
SR-003623,M-303,2026-09-25 14:02:00,power_consumption,17.69,kW
SR-003624,M-303,2026-09-25 22:03:00,power_consumption,18.39,kW
SR-003625,M-303,2026-09-25 06:00:00,coolant_pressure,5.01,bar
SR-003626,M-303,2026-09-25 14:02:00,coolant_pressure,4.94,bar
SR-003627,M-303,2026-09-25 22:00:00,coolant_pressure,5.39,bar
SR-003628,M-401,2026-09-25 06:04:00,vibration,1.01,mm/s
SR-003629,M-401,2026-09-25 14:00:00,vibration,0.87,mm/s
SR-003630,M-401,2026-09-25 22:04:00,vibration,1.0,mm/s
SR-003631,M-401,2026-09-25 06:02:00,bearing_temp,35.04,°C
SR-003632,M-401,2026-09-25 14:05:00,bearing_temp,32.49,°C
SR-003633,M-401,2026-09-25 22:05:00,bearing_temp,35.49,°C
SR-003634,M-401,2026-09-25 06:05:00,power_consumption,4.62,kW
SR-003635,M-401,2026-09-25 14:02:00,power_consumption,4.6,kW
SR-003636,M-401,2026-09-25 22:01:00,power_consumption,5.47,kW
SR-003637,M-402,2026-09-25 06:02:00,vibration,0.98,mm/s
SR-003638,M-402,2026-09-25 14:03:00,vibration,0.81,mm/s
SR-003639,M-402,2026-09-25 22:01:00,vibration,0.51,mm/s
SR-003640,M-402,2026-09-25 06:00:00,bearing_temp,37.37,°C
SR-003641,M-402,2026-09-25 14:01:00,bearing_temp,35.47,°C
SR-003642,M-402,2026-09-25 22:04:00,bearing_temp,37.32,°C
SR-003643,M-402,2026-09-25 06:04:00,power_consumption,4.29,kW
SR-003644,M-402,2026-09-25 14:04:00,power_consumption,4.38,kW
SR-003645,M-402,2026-09-25 22:00:00,power_consumption,4.82,kW
SR-003646,M-501,2026-09-25 06:03:00,vibration,1.62,mm/s
SR-003647,M-501,2026-09-25 14:01:00,vibration,2.05,mm/s
SR-003648,M-501,2026-09-25 22:00:00,vibration,2.24,mm/s
SR-003649,M-501,2026-09-25 06:02:00,bearing_temp,40.64,°C
SR-003650,M-501,2026-09-25 14:01:00,bearing_temp,43.3,°C
SR-003651,M-501,2026-09-25 22:04:00,bearing_temp,45.36,°C
SR-003652,M-501,2026-09-25 06:04:00,spindle_speed,3683.8,RPM
SR-003653,M-501,2026-09-25 14:05:00,spindle_speed,4012.88,RPM
SR-003654,M-501,2026-09-25 22:02:00,spindle_speed,3849.57,RPM
SR-003655,M-501,2026-09-25 06:01:00,power_consumption,17.38,kW
SR-003656,M-501,2026-09-25 14:01:00,power_consumption,15.44,kW
SR-003657,M-501,2026-09-25 22:01:00,power_consumption,15.45,kW
SR-003658,M-501,2026-09-25 06:02:00,coolant_pressure,4.88,bar
SR-003659,M-501,2026-09-25 14:00:00,coolant_pressure,5.1,bar
SR-003660,M-501,2026-09-25 22:03:00,coolant_pressure,5.1,bar
SR-003661,M-502,2026-09-25 06:00:00,vibration,1.98,mm/s
SR-003662,M-502,2026-09-25 14:00:00,vibration,1.63,mm/s
SR-003663,M-502,2026-09-25 22:00:00,vibration,2.29,mm/s
SR-003664,M-502,2026-09-25 06:01:00,bearing_temp,38.84,°C
SR-003665,M-502,2026-09-25 14:04:00,bearing_temp,46.46,°C
SR-003666,M-502,2026-09-25 22:04:00,bearing_temp,45.78,°C
SR-003667,M-502,2026-09-25 06:02:00,spindle_speed,4070.31,RPM
SR-003668,M-502,2026-09-25 14:00:00,spindle_speed,4027.46,RPM
SR-003669,M-502,2026-09-25 22:00:00,spindle_speed,4203.62,RPM
SR-003670,M-502,2026-09-25 06:00:00,power_consumption,15.72,kW
SR-003671,M-502,2026-09-25 14:01:00,power_consumption,15.71,kW
SR-003672,M-502,2026-09-25 22:01:00,power_consumption,14.61,kW
SR-003673,M-502,2026-09-25 06:01:00,coolant_pressure,4.97,bar
SR-003674,M-502,2026-09-25 14:05:00,coolant_pressure,4.95,bar
SR-003675,M-502,2026-09-25 22:02:00,coolant_pressure,5.57,bar
SR-003676,M-101,2026-09-26 06:02:00,vibration,2.05,mm/s
SR-003677,M-101,2026-09-26 14:05:00,vibration,2.65,mm/s
SR-003678,M-101,2026-09-26 22:04:00,vibration,2.8,mm/s
SR-003679,M-101,2026-09-26 06:00:00,bearing_temp,45.2,°C
SR-003680,M-101,2026-09-26 14:04:00,bearing_temp,48.89,°C
SR-003681,M-101,2026-09-26 22:05:00,bearing_temp,45.31,°C
SR-003682,M-101,2026-09-26 06:01:00,spindle_speed,7755.48,RPM
SR-003683,M-101,2026-09-26 14:04:00,spindle_speed,8119.71,RPM
SR-003684,M-101,2026-09-26 22:00:00,spindle_speed,7972.66,RPM
SR-003685,M-101,2026-09-26 06:01:00,power_consumption,18.67,kW
SR-003686,M-101,2026-09-26 14:04:00,power_consumption,17.89,kW
SR-003687,M-101,2026-09-26 22:05:00,power_consumption,19.01,kW
SR-003688,M-101,2026-09-26 06:04:00,coolant_pressure,5.23,bar
SR-003689,M-101,2026-09-26 14:00:00,coolant_pressure,5.68,bar
SR-003690,M-101,2026-09-26 22:01:00,coolant_pressure,5.91,bar
SR-003691,M-102,2026-09-26 06:03:00,vibration,2.97,mm/s
SR-003692,M-102,2026-09-26 14:01:00,vibration,1.43,mm/s
SR-003693,M-102,2026-09-26 22:02:00,vibration,1.99,mm/s
SR-003694,M-102,2026-09-26 06:00:00,bearing_temp,44.73,°C
SR-003695,M-102,2026-09-26 14:03:00,bearing_temp,41.45,°C
SR-003696,M-102,2026-09-26 22:02:00,bearing_temp,45.77,°C
SR-003697,M-102,2026-09-26 06:00:00,spindle_speed,7928.37,RPM
SR-003698,M-102,2026-09-26 14:00:00,spindle_speed,7754.99,RPM
SR-003699,M-102,2026-09-26 22:02:00,spindle_speed,7953.25,RPM
SR-003700,M-102,2026-09-26 06:03:00,power_consumption,18.66,kW
SR-003701,M-102,2026-09-26 14:03:00,power_consumption,16.95,kW
SR-003702,M-102,2026-09-26 22:01:00,power_consumption,17.23,kW
SR-003703,M-102,2026-09-26 06:03:00,coolant_pressure,5.27,bar
SR-003704,M-102,2026-09-26 14:01:00,coolant_pressure,5.42,bar
SR-003705,M-102,2026-09-26 22:03:00,coolant_pressure,5.9,bar
SR-003706,M-201,2026-09-26 06:05:00,vibration,2.17,mm/s
SR-003707,M-201,2026-09-26 14:05:00,vibration,2.95,mm/s
SR-003708,M-201,2026-09-26 22:03:00,vibration,3.06,mm/s
SR-003709,M-201,2026-09-26 06:04:00,bearing_temp,48.11,°C
SR-003710,M-201,2026-09-26 14:05:00,bearing_temp,46.45,°C
SR-003711,M-201,2026-09-26 22:03:00,bearing_temp,49.1,°C
SR-003712,M-201,2026-09-26 06:03:00,power_consumption,43.65,kW
SR-003713,M-201,2026-09-26 14:05:00,power_consumption,42.2,kW
SR-003714,M-201,2026-09-26 22:01:00,power_consumption,37.22,kW
SR-003715,M-201,2026-09-26 06:02:00,coolant_pressure,192.49,bar
SR-003716,M-201,2026-09-26 14:01:00,coolant_pressure,185.38,bar
SR-003717,M-201,2026-09-26 22:00:00,coolant_pressure,167.35,bar
SR-003718,M-202,2026-09-26 06:01:00,vibration,2.14,mm/s
SR-003719,M-202,2026-09-26 14:02:00,vibration,3.42,mm/s
SR-003720,M-202,2026-09-26 22:05:00,vibration,2.32,mm/s
SR-003721,M-202,2026-09-26 06:05:00,bearing_temp,50.54,°C
SR-003722,M-202,2026-09-26 14:03:00,bearing_temp,44.66,°C
SR-003723,M-202,2026-09-26 22:03:00,bearing_temp,46.33,°C
SR-003724,M-202,2026-09-26 06:03:00,power_consumption,48.49,kW
SR-003725,M-202,2026-09-26 14:03:00,power_consumption,43.31,kW
SR-003726,M-202,2026-09-26 22:00:00,power_consumption,44.88,kW
SR-003727,M-202,2026-09-26 06:01:00,coolant_pressure,184.17,bar
SR-003728,M-202,2026-09-26 14:05:00,coolant_pressure,184.03,bar
SR-003729,M-202,2026-09-26 22:05:00,coolant_pressure,181.15,bar
SR-003730,M-301,2026-09-26 06:00:00,vibration,2.37,mm/s
SR-003731,M-301,2026-09-26 14:00:00,vibration,2.63,mm/s
SR-003732,M-301,2026-09-26 22:01:00,vibration,1.99,mm/s
SR-003733,M-301,2026-09-26 06:01:00,bearing_temp,41.65,°C
SR-003734,M-301,2026-09-26 14:02:00,bearing_temp,48.04,°C
SR-003735,M-301,2026-09-26 22:00:00,bearing_temp,44.03,°C
SR-003736,M-301,2026-09-26 06:05:00,spindle_speed,7937.57,RPM
SR-003737,M-301,2026-09-26 14:03:00,spindle_speed,8003.46,RPM
SR-003738,M-301,2026-09-26 22:01:00,spindle_speed,7658.35,RPM
SR-003739,M-301,2026-09-26 06:04:00,power_consumption,17.52,kW
SR-003740,M-301,2026-09-26 14:02:00,power_consumption,19.7,kW
SR-003741,M-301,2026-09-26 22:04:00,power_consumption,15.37,kW
SR-003742,M-301,2026-09-26 06:04:00,coolant_pressure,5.36,bar
SR-003743,M-301,2026-09-26 14:03:00,coolant_pressure,6.01,bar
SR-003744,M-301,2026-09-26 22:00:00,coolant_pressure,5.56,bar
SR-003745,M-302,2026-09-26 06:03:00,vibration,6.48,mm/s
SR-003746,M-302,2026-09-26 14:03:00,vibration,6.77,mm/s
SR-003747,M-302,2026-09-26 22:04:00,vibration,6.57,mm/s
SR-003748,M-302,2026-09-26 06:05:00,bearing_temp,71.78,°C
SR-003749,M-302,2026-09-26 14:05:00,bearing_temp,72.64,°C
SR-003750,M-302,2026-09-26 22:01:00,bearing_temp,70.49,°C
SR-003751,M-302,2026-09-26 06:05:00,spindle_speed,7892.66,RPM
SR-003752,M-302,2026-09-26 14:03:00,spindle_speed,8005.75,RPM
SR-003753,M-302,2026-09-26 22:05:00,spindle_speed,7904.03,RPM
SR-003754,M-302,2026-09-26 06:03:00,power_consumption,20.6,kW
SR-003755,M-302,2026-09-26 14:04:00,power_consumption,19.32,kW
SR-003756,M-302,2026-09-26 22:03:00,power_consumption,18.61,kW
SR-003757,M-302,2026-09-26 06:04:00,coolant_pressure,4.92,bar
SR-003758,M-302,2026-09-26 14:00:00,coolant_pressure,5.59,bar
SR-003759,M-302,2026-09-26 22:03:00,coolant_pressure,5.23,bar
SR-003760,M-303,2026-09-26 06:04:00,vibration,2.69,mm/s
SR-003761,M-303,2026-09-26 14:02:00,vibration,2.1,mm/s
SR-003762,M-303,2026-09-26 22:02:00,vibration,1.79,mm/s
SR-003763,M-303,2026-09-26 06:01:00,bearing_temp,48.71,°C
SR-003764,M-303,2026-09-26 14:02:00,bearing_temp,46.51,°C
SR-003765,M-303,2026-09-26 22:00:00,bearing_temp,42.13,°C
SR-003766,M-303,2026-09-26 06:05:00,spindle_speed,8267.72,RPM
SR-003767,M-303,2026-09-26 14:02:00,spindle_speed,7950.9,RPM
SR-003768,M-303,2026-09-26 22:02:00,spindle_speed,8076.04,RPM
SR-003769,M-303,2026-09-26 06:01:00,power_consumption,17.56,kW
SR-003770,M-303,2026-09-26 14:01:00,power_consumption,18.27,kW
SR-003771,M-303,2026-09-26 22:00:00,power_consumption,18.13,kW
SR-003772,M-303,2026-09-26 06:05:00,coolant_pressure,5.76,bar
SR-003773,M-303,2026-09-26 14:02:00,coolant_pressure,5.73,bar
SR-003774,M-303,2026-09-26 22:01:00,coolant_pressure,5.6,bar
SR-003775,M-401,2026-09-26 06:03:00,vibration,0.93,mm/s
SR-003776,M-401,2026-09-26 14:05:00,vibration,0.82,mm/s
SR-003777,M-401,2026-09-26 22:03:00,vibration,0.93,mm/s
SR-003778,M-401,2026-09-26 06:02:00,bearing_temp,33.04,°C
SR-003779,M-401,2026-09-26 14:00:00,bearing_temp,37.23,°C
SR-003780,M-401,2026-09-26 22:02:00,bearing_temp,35.29,°C
SR-003781,M-401,2026-09-26 06:04:00,power_consumption,4.64,kW
SR-003782,M-401,2026-09-26 14:00:00,power_consumption,5.35,kW
SR-003783,M-401,2026-09-26 22:05:00,power_consumption,5.08,kW
SR-003784,M-402,2026-09-26 06:01:00,vibration,0.74,mm/s
SR-003785,M-402,2026-09-26 14:05:00,vibration,0.71,mm/s
SR-003786,M-402,2026-09-26 22:02:00,vibration,0.95,mm/s
SR-003787,M-402,2026-09-26 06:03:00,bearing_temp,35.84,°C
SR-003788,M-402,2026-09-26 14:01:00,bearing_temp,36.46,°C
SR-003789,M-402,2026-09-26 22:00:00,bearing_temp,31.12,°C
SR-003790,M-402,2026-09-26 06:04:00,power_consumption,5.02,kW
SR-003791,M-402,2026-09-26 14:02:00,power_consumption,5.09,kW
SR-003792,M-402,2026-09-26 22:04:00,power_consumption,5.38,kW
SR-003793,M-501,2026-09-26 06:05:00,vibration,1.98,mm/s
SR-003794,M-501,2026-09-26 14:00:00,vibration,2.36,mm/s
SR-003795,M-501,2026-09-26 22:04:00,vibration,2.1,mm/s
SR-003796,M-501,2026-09-26 06:02:00,bearing_temp,39.46,°C
SR-003797,M-501,2026-09-26 14:04:00,bearing_temp,42.48,°C
SR-003798,M-501,2026-09-26 22:03:00,bearing_temp,46.52,°C
SR-003799,M-501,2026-09-26 06:00:00,spindle_speed,3863.29,RPM
SR-003800,M-501,2026-09-26 14:05:00,spindle_speed,4067.39,RPM
SR-003801,M-501,2026-09-26 22:02:00,spindle_speed,4087.41,RPM
SR-003802,M-501,2026-09-26 06:03:00,power_consumption,13.6,kW
SR-003803,M-501,2026-09-26 14:03:00,power_consumption,14.41,kW
SR-003804,M-501,2026-09-26 22:03:00,power_consumption,14.02,kW
SR-003805,M-501,2026-09-26 06:05:00,coolant_pressure,5.0,bar
SR-003806,M-501,2026-09-26 14:04:00,coolant_pressure,5.33,bar
SR-003807,M-501,2026-09-26 22:05:00,coolant_pressure,5.02,bar
SR-003808,M-502,2026-09-26 06:04:00,vibration,2.26,mm/s
SR-003809,M-502,2026-09-26 14:01:00,vibration,2.5,mm/s
SR-003810,M-502,2026-09-26 22:05:00,vibration,1.85,mm/s
SR-003811,M-502,2026-09-26 06:03:00,bearing_temp,47.0,°C
SR-003812,M-502,2026-09-26 14:02:00,bearing_temp,42.03,°C
SR-003813,M-502,2026-09-26 22:04:00,bearing_temp,45.85,°C
SR-003814,M-502,2026-09-26 06:03:00,spindle_speed,3928.83,RPM
SR-003815,M-502,2026-09-26 14:00:00,spindle_speed,4221.49,RPM
SR-003816,M-502,2026-09-26 22:04:00,spindle_speed,3903.55,RPM
SR-003817,M-502,2026-09-26 06:01:00,power_consumption,15.41,kW
SR-003818,M-502,2026-09-26 14:01:00,power_consumption,16.27,kW
SR-003819,M-502,2026-09-26 22:03:00,power_consumption,14.95,kW
SR-003820,M-502,2026-09-26 06:03:00,coolant_pressure,4.57,bar
SR-003821,M-502,2026-09-26 14:00:00,coolant_pressure,4.8,bar
SR-003822,M-502,2026-09-26 22:05:00,coolant_pressure,5.43,bar
SR-003823,M-101,2026-09-27 06:02:00,vibration,2.52,mm/s
SR-003824,M-101,2026-09-27 14:05:00,vibration,2.8,mm/s
SR-003825,M-101,2026-09-27 22:01:00,vibration,2.72,mm/s
SR-003826,M-101,2026-09-27 06:03:00,bearing_temp,48.87,°C
SR-003827,M-101,2026-09-27 14:00:00,bearing_temp,45.12,°C
SR-003828,M-101,2026-09-27 22:01:00,bearing_temp,46.71,°C
SR-003829,M-101,2026-09-27 06:03:00,spindle_speed,8050.24,RPM
SR-003830,M-101,2026-09-27 14:04:00,spindle_speed,7835.0,RPM
SR-003831,M-101,2026-09-27 22:00:00,spindle_speed,8209.11,RPM
SR-003832,M-101,2026-09-27 06:01:00,power_consumption,17.91,kW
SR-003833,M-101,2026-09-27 14:02:00,power_consumption,18.44,kW
SR-003834,M-101,2026-09-27 22:02:00,power_consumption,18.68,kW
SR-003835,M-101,2026-09-27 06:00:00,coolant_pressure,5.4,bar
SR-003836,M-101,2026-09-27 14:05:00,coolant_pressure,5.34,bar
SR-003837,M-101,2026-09-27 22:00:00,coolant_pressure,5.44,bar
SR-003838,M-102,2026-09-27 06:02:00,vibration,2.41,mm/s
SR-003839,M-102,2026-09-27 14:03:00,vibration,1.75,mm/s
SR-003840,M-102,2026-09-27 22:02:00,vibration,1.92,mm/s
SR-003841,M-102,2026-09-27 06:03:00,bearing_temp,42.05,°C
SR-003842,M-102,2026-09-27 14:05:00,bearing_temp,39.49,°C
SR-003843,M-102,2026-09-27 22:04:00,bearing_temp,46.21,°C
SR-003844,M-102,2026-09-27 06:05:00,spindle_speed,7877.46,RPM
SR-003845,M-102,2026-09-27 14:05:00,spindle_speed,7898.58,RPM
SR-003846,M-102,2026-09-27 22:04:00,spindle_speed,7999.84,RPM
SR-003847,M-102,2026-09-27 06:02:00,power_consumption,21.3,kW
SR-003848,M-102,2026-09-27 14:03:00,power_consumption,16.92,kW
SR-003849,M-102,2026-09-27 22:00:00,power_consumption,18.83,kW
SR-003850,M-102,2026-09-27 06:02:00,coolant_pressure,5.35,bar
SR-003851,M-102,2026-09-27 14:03:00,coolant_pressure,5.31,bar
SR-003852,M-102,2026-09-27 22:05:00,coolant_pressure,5.85,bar
SR-003853,M-201,2026-09-27 06:01:00,vibration,2.96,mm/s
SR-003854,M-201,2026-09-27 14:01:00,vibration,1.83,mm/s
SR-003855,M-201,2026-09-27 22:02:00,vibration,3.27,mm/s
SR-003856,M-201,2026-09-27 06:03:00,bearing_temp,51.73,°C
SR-003857,M-201,2026-09-27 14:00:00,bearing_temp,43.31,°C
SR-003858,M-201,2026-09-27 22:03:00,bearing_temp,54.34,°C
SR-003859,M-201,2026-09-27 06:00:00,power_consumption,40.45,kW
SR-003860,M-201,2026-09-27 14:02:00,power_consumption,44.03,kW
SR-003861,M-201,2026-09-27 22:01:00,power_consumption,41.73,kW
SR-003862,M-201,2026-09-27 06:02:00,coolant_pressure,178.39,bar
SR-003863,M-201,2026-09-27 14:02:00,coolant_pressure,188.54,bar
SR-003864,M-201,2026-09-27 22:03:00,coolant_pressure,171.92,bar
SR-003865,M-202,2026-09-27 06:00:00,vibration,2.8,mm/s
SR-003866,M-202,2026-09-27 14:05:00,vibration,2.09,mm/s
SR-003867,M-202,2026-09-27 22:05:00,vibration,3.67,mm/s
SR-003868,M-202,2026-09-27 06:05:00,bearing_temp,48.87,°C
SR-003869,M-202,2026-09-27 14:05:00,bearing_temp,50.41,°C
SR-003870,M-202,2026-09-27 22:01:00,bearing_temp,48.72,°C
SR-003871,M-202,2026-09-27 06:05:00,power_consumption,44.94,kW
SR-003872,M-202,2026-09-27 14:05:00,power_consumption,47.96,kW
SR-003873,M-202,2026-09-27 22:00:00,power_consumption,41.43,kW
SR-003874,M-202,2026-09-27 06:04:00,coolant_pressure,186.94,bar
SR-003875,M-202,2026-09-27 14:03:00,coolant_pressure,186.62,bar
SR-003876,M-202,2026-09-27 22:00:00,coolant_pressure,172.67,bar
SR-003877,M-301,2026-09-27 06:02:00,vibration,2.74,mm/s
SR-003878,M-301,2026-09-27 14:02:00,vibration,2.19,mm/s
SR-003879,M-301,2026-09-27 22:01:00,vibration,3.03,mm/s
SR-003880,M-301,2026-09-27 06:02:00,bearing_temp,48.0,°C
SR-003881,M-301,2026-09-27 14:03:00,bearing_temp,46.55,°C
SR-003882,M-301,2026-09-27 22:05:00,bearing_temp,51.11,°C
SR-003883,M-301,2026-09-27 06:05:00,spindle_speed,7850.13,RPM
SR-003884,M-301,2026-09-27 14:03:00,spindle_speed,8333.69,RPM
SR-003885,M-301,2026-09-27 22:00:00,spindle_speed,8039.14,RPM
SR-003886,M-301,2026-09-27 06:03:00,power_consumption,16.84,kW
SR-003887,M-301,2026-09-27 14:02:00,power_consumption,16.48,kW
SR-003888,M-301,2026-09-27 22:05:00,power_consumption,18.28,kW
SR-003889,M-301,2026-09-27 06:00:00,coolant_pressure,4.91,bar
SR-003890,M-301,2026-09-27 14:01:00,coolant_pressure,5.81,bar
SR-003891,M-301,2026-09-27 22:02:00,coolant_pressure,5.39,bar
SR-003892,M-302,2026-09-27 06:03:00,vibration,6.65,mm/s
SR-003893,M-302,2026-09-27 14:05:00,vibration,6.56,mm/s
SR-003894,M-302,2026-09-27 22:02:00,vibration,6.65,mm/s
SR-003895,M-302,2026-09-27 06:00:00,bearing_temp,72.93,°C
SR-003896,M-302,2026-09-27 14:05:00,bearing_temp,73.46,°C
SR-003897,M-302,2026-09-27 22:05:00,bearing_temp,71.73,°C
SR-003898,M-302,2026-09-27 06:01:00,spindle_speed,7780.86,RPM
SR-003899,M-302,2026-09-27 14:02:00,spindle_speed,8133.61,RPM
SR-003900,M-302,2026-09-27 22:02:00,spindle_speed,8002.58,RPM
SR-003901,M-302,2026-09-27 06:01:00,power_consumption,20.12,kW
SR-003902,M-302,2026-09-27 14:04:00,power_consumption,20.44,kW
SR-003903,M-302,2026-09-27 22:05:00,power_consumption,20.19,kW
SR-003904,M-302,2026-09-27 06:01:00,coolant_pressure,5.0,bar
SR-003905,M-302,2026-09-27 14:02:00,coolant_pressure,5.76,bar
SR-003906,M-302,2026-09-27 22:03:00,coolant_pressure,5.13,bar
SR-003907,M-303,2026-09-27 06:02:00,vibration,1.75,mm/s
SR-003908,M-303,2026-09-27 14:01:00,vibration,2.49,mm/s
SR-003909,M-303,2026-09-27 22:02:00,vibration,2.11,mm/s
SR-003910,M-303,2026-09-27 06:01:00,bearing_temp,39.81,°C
SR-003911,M-303,2026-09-27 14:03:00,bearing_temp,47.48,°C
SR-003912,M-303,2026-09-27 22:03:00,bearing_temp,46.45,°C
SR-003913,M-303,2026-09-27 06:01:00,spindle_speed,8390.64,RPM
SR-003914,M-303,2026-09-27 14:00:00,spindle_speed,7858.69,RPM
SR-003915,M-303,2026-09-27 22:05:00,spindle_speed,8429.16,RPM
SR-003916,M-303,2026-09-27 06:04:00,power_consumption,16.91,kW
SR-003917,M-303,2026-09-27 14:03:00,power_consumption,15.71,kW
SR-003918,M-303,2026-09-27 22:01:00,power_consumption,15.67,kW
SR-003919,M-303,2026-09-27 06:00:00,coolant_pressure,5.46,bar
SR-003920,M-303,2026-09-27 14:03:00,coolant_pressure,6.08,bar
SR-003921,M-303,2026-09-27 22:01:00,coolant_pressure,5.2,bar
SR-003922,M-401,2026-09-27 06:00:00,vibration,0.66,mm/s
SR-003923,M-401,2026-09-27 14:04:00,vibration,0.89,mm/s
SR-003924,M-401,2026-09-27 22:00:00,vibration,0.78,mm/s
SR-003925,M-401,2026-09-27 06:03:00,bearing_temp,37.43,°C
SR-003926,M-401,2026-09-27 14:05:00,bearing_temp,35.22,°C
SR-003927,M-401,2026-09-27 22:01:00,bearing_temp,33.57,°C
SR-003928,M-401,2026-09-27 06:01:00,power_consumption,5.01,kW
SR-003929,M-401,2026-09-27 14:02:00,power_consumption,5.86,kW
SR-003930,M-401,2026-09-27 22:02:00,power_consumption,4.7,kW
SR-003931,M-402,2026-09-27 06:03:00,vibration,0.8,mm/s
SR-003932,M-402,2026-09-27 14:01:00,vibration,0.65,mm/s
SR-003933,M-402,2026-09-27 22:02:00,vibration,0.4,mm/s
SR-003934,M-402,2026-09-27 06:05:00,bearing_temp,31.16,°C
SR-003935,M-402,2026-09-27 14:03:00,bearing_temp,34.08,°C
SR-003936,M-402,2026-09-27 22:01:00,bearing_temp,33.13,°C
SR-003937,M-402,2026-09-27 06:01:00,power_consumption,6.34,kW
SR-003938,M-402,2026-09-27 14:04:00,power_consumption,5.25,kW
SR-003939,M-402,2026-09-27 22:04:00,power_consumption,4.64,kW
SR-003940,M-501,2026-09-27 06:05:00,vibration,2.29,mm/s
SR-003941,M-501,2026-09-27 14:03:00,vibration,2.1,mm/s
SR-003942,M-501,2026-09-27 22:01:00,vibration,2.07,mm/s
SR-003943,M-501,2026-09-27 06:03:00,bearing_temp,48.15,°C
SR-003944,M-501,2026-09-27 14:05:00,bearing_temp,37.62,°C
SR-003945,M-501,2026-09-27 22:03:00,bearing_temp,43.64,°C
SR-003946,M-501,2026-09-27 06:05:00,spindle_speed,4157.74,RPM
SR-003947,M-501,2026-09-27 14:04:00,spindle_speed,3947.35,RPM
SR-003948,M-501,2026-09-27 22:00:00,spindle_speed,3963.14,RPM
SR-003949,M-501,2026-09-27 06:03:00,power_consumption,17.89,kW
SR-003950,M-501,2026-09-27 14:02:00,power_consumption,15.98,kW
SR-003951,M-501,2026-09-27 22:04:00,power_consumption,18.12,kW
SR-003952,M-501,2026-09-27 06:05:00,coolant_pressure,4.99,bar
SR-003953,M-501,2026-09-27 14:02:00,coolant_pressure,5.0,bar
SR-003954,M-501,2026-09-27 22:04:00,coolant_pressure,4.92,bar
SR-003955,M-502,2026-09-27 06:03:00,vibration,1.98,mm/s
SR-003956,M-502,2026-09-27 14:05:00,vibration,2.0,mm/s
SR-003957,M-502,2026-09-27 22:04:00,vibration,1.57,mm/s
SR-003958,M-502,2026-09-27 06:00:00,bearing_temp,47.76,°C
SR-003959,M-502,2026-09-27 14:04:00,bearing_temp,41.3,°C
SR-003960,M-502,2026-09-27 22:03:00,bearing_temp,42.06,°C
SR-003961,M-502,2026-09-27 06:01:00,spindle_speed,4278.61,RPM
SR-003962,M-502,2026-09-27 14:00:00,spindle_speed,3869.59,RPM
SR-003963,M-502,2026-09-27 22:01:00,spindle_speed,3924.29,RPM
SR-003964,M-502,2026-09-27 06:02:00,power_consumption,16.35,kW
SR-003965,M-502,2026-09-27 14:01:00,power_consumption,15.27,kW
SR-003966,M-502,2026-09-27 22:03:00,power_consumption,15.24,kW
SR-003967,M-502,2026-09-27 06:05:00,coolant_pressure,5.33,bar
SR-003968,M-502,2026-09-27 14:02:00,coolant_pressure,4.66,bar
SR-003969,M-502,2026-09-27 22:02:00,coolant_pressure,5.18,bar
